"","permno","date","bidlo","askhi","openprc","prc","vol"
"1",10107,2015-01-02,46.5400009155273,47.4199981689453,46.6599998474121,46.7599983215332,27913852
"2",10107,2015-01-05,46.25,46.7299995422363,46.3699989318848,46.3250007629395,39673865
"3",10107,2015-01-06,45.5400009155273,46.7490005493164,46.3800010681152,45.6500015258789,36447854
"4",10107,2015-01-07,45.4900016784668,46.4599990844727,45.9799995422363,46.2299995422363,29222067
"5",10107,2015-01-08,46.7200012207031,47.7499008178711,46.75,47.5900001525879,29645202
"6",10107,2015-01-09,46.9000015258789,47.8199996948242,47.6100006103516,47.189998626709,23944181
"7",10107,2015-01-12,46.3600006103516,47.5400009155273,47.4199981689453,46.5999984741211,23651887
"8",10107,2015-01-13,46.060001373291,47.9099998474121,46.9700012207031,46.3549995422363,35274601
"9",10107,2015-01-14,45.6199989318848,46.2400016784668,45.9599990844727,45.9550018310547,29719580
"10",10107,2015-01-15,45.4099998474121,46.3800010681152,46.2200012207031,45.4799995422363,32750825
"11",10107,2015-01-16,45.1699981689453,46.2799987792969,45.310001373291,46.2400016784668,35695289
"12",10107,2015-01-20,45.5699996948242,46.6500015258789,46.2999992370605,46.3899993896484,36162760
"13",10107,2015-01-21,45.4799995422363,46.1399993896484,45.939998626709,45.9199981689453,39086095
"14",10107,2015-01-22,46.0800018310547,47.1349983215332,46.3800010681152,47.1300010681152,35898035
"15",10107,2015-01-23,46.7999992370605,47.3899993896484,47.3600006103516,47.1800003051758,26211594
"16",10107,2015-01-26,46.2398986816406,47.1338996887207,47,47.0099983215332,42533313
"17",10107,2015-01-27,42.1049995422363,43.2000007629395,42.9500007629395,42.6599998474121,169170004
"18",10107,2015-01-28,41.1599998474121,42.7900009155273,42.7400016784668,41.189998626709,84507078
"19",10107,2015-01-29,40.7900009155273,42.1199989318848,40.9300003051758,42.0099983215332,63585273
"20",10107,2015-01-30,40.3499984741211,41.5800018310547,41.5499992370605,40.4000015258789,78004944
"21",10107,2015-02-02,40.2299995422363,41.3699989318848,40.5900001525879,41.2799987792969,50354232
"22",10107,2015-02-03,41.0449981689453,41.9300003051758,41.6300010681152,41.5999984741211,52115448
"23",10107,2015-02-04,41.3600006103516,42.2099990844727,41.939998626709,41.8400001525879,39814812
"24",10107,2015-02-05,41.8549995422363,42.6399993896484,42.2200012207031,42.4500007629395,36548168
"25",10107,2015-02-06,42.1500015258789,42.7900009155273,42.6800003051758,42.4099998474121,34616550
"26",10107,2015-02-09,42.2099990844727,42.7400016784668,42.2400016784668,42.3600006103516,31401061
"27",10107,2015-02-10,42.1800003051758,42.7700004577637,42.7400016784668,42.5999984741211,29670687
"28",10107,2015-02-11,42.2099990844727,42.6500015258789,42.6500015258789,42.3800010681152,38263386
"29",10107,2015-02-12,42.5099983215332,43.0900001525879,42.6599998474121,43.0900001525879,33268831
"30",10107,2015-02-13,43.1500015258789,43.8699989318848,43.3800010681152,43.8699989318848,41915104
"31",10107,2015-02-17,43.189998626709,44,43.9700012207031,43.5800018310547,33695749
"32",10107,2015-02-18,43.3899993896484,43.7000007629395,43.6300010681152,43.5299987792969,27111657
"33",10107,2015-02-19,43.0499992370605,43.5262985229492,43.1800003051758,43.5,27650420
"34",10107,2015-02-20,43.2900009155273,43.8800010681152,43.5099983215332,43.8549995422363,29721733
"35",10107,2015-02-23,43.6500015258789,44.189998626709,43.7000007629395,44.1500015258789,32518754
"36",10107,2015-02-24,43.9199981689453,44.2999992370605,44.1500015258789,44.0900001525879,25271747
"37",10107,2015-02-25,43.7999992370605,44.0900001525879,43.9500007629395,43.9900016784668,29759820
"38",10107,2015-02-26,43.8899993896484,44.2299995422363,43.9900016784668,44.0550003051758,28957329
"39",10107,2015-02-27,43.6599998474121,44.2000007629395,44.1300010681152,43.8499984741211,33807740
"40",10107,2015-03-02,43.5499992370605,44.189998626709,43.6699981689453,43.8800010681152,31924049
"41",10107,2015-03-03,43.0900001525879,43.8250007629395,43.560001373291,43.2799987792969,31748648
"42",10107,2015-03-04,42.8800010681152,43.2099990844727,43.0099983215332,43.0550003051758,25748692
"43",10107,2015-03-05,42.8199996948242,43.2400016784668,43.0699996948242,43.1100006103516,23193541
"44",10107,2015-03-06,42.1500015258789,43.1100006103516,43,42.3600006103516,36249015
"45",10107,2015-03-09,42.189998626709,43.125,42.189998626709,42.8499984741211,32107964
"46",10107,2015-03-10,42.0299987792969,42.7099990844727,42.3499984741211,42.0299987792969,39159743
"47",10107,2015-03-11,41.8400001525879,42.3699989318848,42.310001373291,41.9799995422363,32215323
"48",10107,2015-03-12,40.8600006103516,41.6500015258789,41.3300018310547,41.0200004577637,59990718
"49",10107,2015-03-13,40.6100006103516,41.4700012207031,40.7000007629395,41.3800010681152,58007714
"50",10107,2015-03-16,41.2799987792969,41.6399993896484,41.4700012207031,41.560001373291,35273484
"51",10107,2015-03-17,41.1500015258789,41.8300018310547,41.3699989318848,41.6949996948242,31673648
"52",10107,2015-03-18,41.3300018310547,42.8300018310547,41.4300003051758,42.5,44194782
"53",10107,2015-03-19,42.2200012207031,42.5900001525879,42.2599983215332,42.2849998474121,33879509
"54",10107,2015-03-20,42.4900016784668,42.9799995422363,42.560001373291,42.8800010681152,71904546
"55",10107,2015-03-23,42.7799987792969,43.1300010681152,42.8800010681152,42.8549995422363,26246099
"56",10107,2015-03-24,42.75,43.1699981689453,42.7799987792969,42.9000015258789,25513266
"57",10107,2015-03-25,41.439998626709,42.9249992370605,42.9199981689453,41.4599990844727,43469917
"58",10107,2015-03-26,40.9199981689453,41.6100006103516,41.2200012207031,41.2099990844727,37495635
"59",10107,2015-03-27,40.8300018310547,41.4300003051758,41.1199989318848,40.9700012207031,34401409
"60",10107,2015-03-30,40.9099998474121,41.5400009155273,41.0999984741211,40.9599990844727,35049672
"61",10107,2015-03-31,40.5400009155273,41.0299987792969,40.7799987792969,40.6549987792969,34887219
"62",10107,2015-04-01,40.310001373291,40.7599983215332,40.5999984741211,40.7200012207031,36865335
"63",10107,2015-04-02,40.1199989318848,40.7400016784668,40.6599998474121,40.2900009155273,37487487
"64",10107,2015-04-06,40.1800003051758,41.7799987792969,40.3400001525879,41.5449981689453,39223703
"65",10107,2015-04-07,41.310001373291,41.9099998474121,41.6100006103516,41.5299987792969,28809388
"66",10107,2015-04-08,41.0400009155273,41.689998626709,41.4599990844727,41.4199981689453,24753446
"67",10107,2015-04-09,41.25,41.6199989318848,41.25,41.4799995422363,25723871
"68",10107,2015-04-10,41.4099998474121,41.9500007629395,41.6300010681152,41.7200012207031,28022013
"69",10107,2015-04-13,41.3899993896484,42.060001373291,41.4000015258789,41.7599983215332,30276703
"70",10107,2015-04-14,41.3899993896484,42.0299987792969,41.7999992370605,41.6500015258789,24244889
"71",10107,2015-04-15,41.6800003051758,42.4599990844727,41.7599983215332,42.2550010681152,27344592
"72",10107,2015-04-16,41.8199996948242,42.3400001525879,41.9500007629395,42.1599998474121,22509664
"73",10107,2015-04-17,41.1599998474121,41.7400016784668,41.6699981689453,41.6150016784668,42387779
"74",10107,2015-04-20,41.6800003051758,43.1699981689453,41.7299995422363,42.9049987792969,46057830
"75",10107,2015-04-21,42.5299987792969,43.1500015258789,43,42.6349983215332,26013851
"76",10107,2015-04-22,42.5499992370605,43.1300010681152,42.6699981689453,42.9850006103516,25064283
"77",10107,2015-04-23,42.7999992370605,43.6100006103516,42.8899993896484,43.3400001525879,46359542
"78",10107,2015-04-24,45.6500015258789,48.1399993896484,45.6599998474121,47.8699989318848,130936118
"79",10107,2015-04-27,47.2200012207031,48.1300010681152,47.2299995422363,48.0299987792969,59248192
"80",10107,2015-04-28,47.7000007629395,49.2099990844727,47.7799987792969,49.1549987792969,60730792
"81",10107,2015-04-29,48.5,49.310001373291,48.7200012207031,49.060001373291,47804562
"82",10107,2015-04-30,48.5999984741211,49.5400009155273,48.7000007629395,48.6399993896484,64725657
"83",10107,2015-05-01,48.4000015258789,48.875,48.5800018310547,48.6549987792969,39012551
"84",10107,2015-05-04,48.1800003051758,48.8699989318848,48.3699989318848,48.2400016784668,34039495
"85",10107,2015-05-05,47.310001373291,48.1599998474121,47.8199996948242,47.5999984741211,50369197
"86",10107,2015-05-06,46.0200004577637,47.7700004577637,47.5699996948242,46.2799987792969,52433033
"87",10107,2015-05-07,46.1599998474121,47.0849990844727,46.2700004577637,46.7000007629395,32971665
"88",10107,2015-05-08,47.5200004577637,47.9799995422363,47.5499992370605,47.75,35364924
"89",10107,2015-05-11,47.3699989318848,47.9099998474121,47.5499992370605,47.3699989318848,24609428
"90",10107,2015-05-12,46.4199981689453,47.6800003051758,46.8499984741211,47.3499984741211,29928275
"91",10107,2015-05-13,47.5699996948242,48.3199996948242,48.189998626709,47.625,34184623
"92",10107,2015-05-14,48.0299987792969,48.8199996948242,48.0299987792969,48.7200012207031,32980892
"93",10107,2015-05-15,48.0499992370605,48.9049987792969,48.8699989318848,48.2949981689453,28642700
"94",10107,2015-05-18,47.6100006103516,48.2200012207031,47.9799995422363,48.0099983215332,24136508
"95",10107,2015-05-19,47.1800003051758,47.810001373291,47.560001373291,47.5800018310547,28574820
"96",10107,2015-05-20,47.2700004577637,47.9300003051758,47.3899993896484,47.5800018310547,25047920
"97",10107,2015-05-21,47.0050010681152,47.5999984741211,47.2799987792969,47.4199981689453,22410822
"98",10107,2015-05-22,46.8199996948242,47.3499984741211,47.2999992370605,46.9000015258789,25724597
"99",10107,2015-05-26,46.189998626709,46.8800010681152,46.8300018310547,46.5900001525879,29581868
"100",10107,2015-05-27,46.6199989318848,47.7700004577637,46.8199996948242,47.6100006103516,27335654
"101",10107,2015-05-28,47.3899993896484,48.0200004577637,47.5,47.4500007629395,19283672
"102",10107,2015-05-29,46.5900001525879,47.5699996948242,47.4300003051758,46.8600006103516,36523700
"103",10107,2015-06-01,46.6199989318848,47.7700004577637,47.060001373291,47.2299995422363,28837332
"104",10107,2015-06-02,46.6199989318848,47.3499984741211,46.9300003051758,46.9199981689453,21519406
"105",10107,2015-06-03,46.8199996948242,47.7350006103516,47.3699989318848,46.8499984741211,28002162
"106",10107,2015-06-04,46.2000007629395,47.1599998474121,46.7900009155273,46.3600006103516,27745542
"107",10107,2015-06-05,45.8400001525879,46.5200004577637,46.310001373291,46.1399993896484,25438093
"108",10107,2015-06-08,45.6699981689453,46.4300003051758,46.2999992370605,45.7299995422363,22121638
"109",10107,2015-06-09,45.4599990844727,45.939998626709,45.7599983215332,45.6500015258789,24406957
"110",10107,2015-06-10,45.689998626709,46.8300018310547,45.7900009155273,46.6100006103516,28417642
"111",10107,2015-06-11,46.1300010681152,46.9199981689453,46.6599998474121,46.439998626709,27347762
"112",10107,2015-06-12,45.9000015258789,46.4700012207031,46.2200012207031,45.9700012207031,23930979
"113",10107,2015-06-15,45.0200996398926,45.6500015258789,45.4500007629395,45.4749984741211,33307359
"114",10107,2015-06-16,45.2999992370605,46.2400016784668,45.3499984741211,45.8300018310547,27070319
"115",10107,2015-06-17,45.3600006103516,46.0699996948242,45.7299995422363,45.9700012207031,28704069
"116",10107,2015-06-18,46.1699981689453,46.7999992370605,46.2200012207031,46.7200012207031,32658921
"117",10107,2015-06-19,45.9900016784668,46.8250007629395,46.7900009155273,46.0999984741211,63837143
"118",10107,2015-06-22,46.1599998474121,46.7200012207031,46.3300018310547,46.2299995422363,20318055
"119",10107,2015-06-23,45.6199989318848,46.2799987792969,46.1300010681152,45.9099998474121,25902481
"120",10107,2015-06-24,45.5499992370605,46.2449989318848,45.6699981689453,45.6349983215332,34890908
"121",10107,2015-06-25,45.5,46.060001373291,46.0299987792969,45.6500015258789,20616006
"122",10107,2015-06-26,45.0299987792969,46.2799987792969,45.6500015258789,45.2599983215332,49835297
"123",10107,2015-06-29,44.3600006103516,45.2299995422363,45.0400009155273,44.3699989318848,34081461
"124",10107,2015-06-30,43.939998626709,44.7200012207031,44.7099990844727,44.1500015258789,35945398
"125",10107,2015-07-01,44.0999984741211,45.2299995422363,44.4599990844727,44.4449996948242,28343918
"126",10107,2015-07-02,44.060001373291,44.75,44.4799995422363,44.4000015258789,21752024
"127",10107,2015-07-06,43.9500007629395,44.4799995422363,43.9599990844727,44.3899993896484,23035468
"128",10107,2015-07-07,43.3199996948242,44.4900016784668,44.3400001525879,44.2999992370605,36435836
"129",10107,2015-07-08,44.0299987792969,44.9000015258789,44.439998626709,44.2400016784668,39785909
"130",10107,2015-07-09,44.5,45.2200012207031,44.75,44.5200004577637,32424678
"131",10107,2015-07-10,44.5699996948242,45.1399993896484,45.0099983215332,44.6100006103516,25465767
"132",10107,2015-07-13,44.9500999450684,45.6199989318848,44.9749984741211,45.5400009155273,28178529
"133",10107,2015-07-14,45.310001373291,45.9599990844727,45.4500007629395,45.6199989318848,22880260
"134",10107,2015-07-15,45.4300003051758,45.8899993896484,45.6800003051758,45.7599983215332,26629615
"135",10107,2015-07-16,45.9650001525879,46.689998626709,46.0099983215332,46.6599998474121,26271673
"136",10107,2015-07-17,46.2599983215332,46.7799987792969,46.5499992370605,46.6199989318848,29467107
"137",10107,2015-07-20,46.439998626709,47.1300010681152,46.6500015258789,46.9199981689453,30631905
"138",10107,2015-07-21,46.4799995422363,47.3300018310547,46.7799987792969,47.2799987792969,42781903
"139",10107,2015-07-22,45.2029991149902,46.9300003051758,45.439998626709,45.5400009155273,59152427
"140",10107,2015-07-23,45.0999984741211,46.2299995422363,45.2700004577637,46.1100006103516,33934010
"141",10107,2015-07-24,45.7999992370605,46.3199996948242,45.9099998474121,45.939998626709,32333244
"142",10107,2015-07-27,45.25,46.0099983215332,45.939998626709,45.3499984741211,39705820
"143",10107,2015-07-28,44.7900009155273,45.6389999389648,45.5800018310547,45.3400001525879,34328948
"144",10107,2015-07-29,45.2599983215332,46.7799987792969,45.4000015258789,46.2900009155273,41048414
"145",10107,2015-07-30,45.9300003051758,47.4000015258789,46.2599983215332,46.8800010681152,39895783
"146",10107,2015-07-31,46.5,47.3699989318848,47.2900009155273,46.7000007629395,31204480
"147",10107,2015-08-03,46.4500007629395,47,46.9799995422363,46.810001373291,24125886
"148",10107,2015-08-04,46.6800003051758,47.7099990844727,46.75,47.5400009155273,33421786
"149",10107,2015-08-05,47.5400009155273,48.4099998474121,47.9799995422363,47.5800018310547,27059655
"150",10107,2015-08-06,46.3300018310547,47.7700004577637,47.7099990844727,46.6199989318848,27368000
"151",10107,2015-08-07,46.2599983215332,46.7799987792969,46.3899993896484,46.7400016784668,19163038
"152",10107,2015-08-10,46.8400001525879,47.4900016784668,46.9500007629395,47.3300018310547,23079870
"153",10107,2015-08-11,45.9000015258789,46.939998626709,46.8199996948242,46.4099998474121,29273402
"154",10107,2015-08-12,45.7050018310547,46.9000015258789,46.189998626709,46.7400016784668,30198532
"155",10107,2015-08-13,46.4900016784668,47.0999984741211,47.060001373291,46.7299995422363,22627241
"156",10107,2015-08-14,46.5200004577637,47.0999984741211,46.5299987792969,47,21473402
"157",10107,2015-08-17,46.5699996948242,47.4500007629395,46.810001373291,47.3199996948242,21099746
"158",10107,2015-08-18,46.7000007629395,47.4300003051758,46.8400001525879,47.2700004577637,23574113
"159",10107,2015-08-19,46.2999992370605,47.0800018310547,46.7799987792969,46.6100006103516,31489511
"160",10107,2015-08-20,45.6599998474121,46.4700012207031,46.0699996948242,45.6599998474121,36238227
"161",10107,2015-08-21,43.0699996948242,45.4799995422363,45.2999992370605,43.0699996948242,70053084
"162",10107,2015-08-24,39.7200012207031,43.310001373291,40.4500007629395,41.6800003051758,88754001
"163",10107,2015-08-25,40.3899993896484,43.2400016784668,42.564998626709,40.4700012207031,70619160
"164",10107,2015-08-26,41.060001373291,42.8400001525879,42.0099983215332,42.7099990844727,63709984
"165",10107,2015-08-27,42.9249992370605,43.9500007629395,43.2299995422363,43.9000015258789,50943211
"166",10107,2015-08-28,43.3899993896484,44.1500015258789,43.4000015258789,43.9300003051758,28246725
"167",10107,2015-08-31,43.0999984741211,43.9300003051758,43.560001373291,43.5200004577637,34441662
"168",10107,2015-09-01,41.6599998474121,42.5900001525879,42.1699981689453,41.8199996948242,49811996
"169",10107,2015-09-02,41.8800010681152,43.3800010681152,42.3600006103516,43.3600006103516,37740000
"170",10107,2015-09-03,43.2799987792969,43.9799995422363,43.4099998474121,43.5,28285205
"171",10107,2015-09-04,42.1949996948242,43.0400009155273,42.810001373291,42.6100006103516,37210775
"172",10107,2015-09-08,43.2000007629395,44,43.2999992370605,43.8899993896484,33135574
"173",10107,2015-09-09,42.9099998474121,44.4000015258789,44.2099990844727,43.0699996948242,33469485
"174",10107,2015-09-10,42.7449989318848,43.7900009155273,43.1199989318848,43.2900009155273,31366630
"175",10107,2015-09-11,42.9398994445801,43.5900001525879,43.1399993896484,43.4799995422363,27132527
"176",10107,2015-09-14,42.8600006103516,43.439998626709,43.4300003051758,43.0400009155273,23656048
"177",10107,2015-09-15,43.0800018310547,44.2900009155273,43.189998626709,43.9799995422363,28882206
"178",10107,2015-09-16,43.8400001525879,44.3800010681152,43.9700012207031,44.2999992370605,23372162
"179",10107,2015-09-17,44.0800018310547,45,44.2900009155273,44.25,32768161
"180",10107,2015-09-18,43.3300018310547,43.9900016784668,43.5,43.4799995422363,63153684
"181",10107,2015-09-21,43.5999984741211,44.4700012207031,43.6199989318848,44.1100006103516,26197875
"182",10107,2015-09-22,43.310001373291,44.0499992370605,43.3800010681152,43.9000015258789,28090378
"183",10107,2015-09-23,43.5099983215332,44.1699981689453,43.9300003051758,43.8699989318848,17145238
"184",10107,2015-09-24,43.2700004577637,44.1300010681152,43.4500007629395,43.9099998474121,27907330
"185",10107,2015-09-25,43.7599983215332,44.7299995422363,44.4799995422363,43.939998626709,29384601
"186",10107,2015-09-28,43.2050018310547,44.0849990844727,43.8300018310547,43.2900009155273,27613785
"187",10107,2015-09-29,43.0499992370605,43.5699996948242,43.3699989318848,43.439998626709,32763557
"188",10107,2015-09-30,43.6599998474121,44.2999992370605,43.8800010681152,44.2599983215332,34962880
"189",10107,2015-10-01,43.75,44.75,44.75,44.6100006103516,28657859
"190",10107,2015-10-02,43.9199981689453,45.5699996948242,44.2700004577637,45.5699996948242,41839035
"191",10107,2015-10-05,45.7000007629395,46.8899993896484,45.7449989318848,46.6300010681152,34369286
"192",10107,2015-10-06,46.2200012207031,47.1749992370605,46.3300018310547,46.75,28176670
"193",10107,2015-10-07,45.9500007629395,47.3499984741211,47.0999984741211,46.7999992370605,27711492
"194",10107,2015-10-08,46.5,47.5149993896484,46.560001373291,47.4500007629395,33772726
"195",10107,2015-10-09,46.9199981689453,47.5400009155273,47.4500007629395,47.1100006103516,28600640
"196",10107,2015-10-12,46.5,47.0699996948242,46.9799995422363,47,19769066
"197",10107,2015-10-13,46.560001373291,47.1299018859863,46.560001373291,46.8899993896484,19987816
"198",10107,2015-10-14,46.5299987792969,47.0999984741211,46.6500015258789,46.6800003051758,24697766
"199",10107,2015-10-15,46.5299987792969,47.0299987792969,47.0099983215332,47.0099983215332,27189389
"200",10107,2015-10-16,46.8969993591309,47.5400009155273,47.0200004577637,47.5099983215332,26458338
"201",10107,2015-10-19,47.0200004577637,47.8800010681152,47.4199981689453,47.6199989318848,29474195
"202",10107,2015-10-20,47.0200004577637,47.810001373291,47.439998626709,47.7700004577637,30802235
"203",10107,2015-10-21,47.1100006103516,47.9900016784668,47.9199981689453,47.2000007629395,25264821
"204",10107,2015-10-22,47.0900001525879,48.9500007629395,47.5299987792969,48.0299987792969,56637224
"205",10107,2015-10-23,52.25,54.0699996948242,52.2999992370605,52.8699989318848,135227059
"206",10107,2015-10-26,52.5,54.3199996948242,52.5299987792969,54.25,64633324
"207",10107,2015-10-27,53.5800018310547,54.3699989318848,53.9900016784668,53.689998626709,50999907
"208",10107,2015-10-28,52.8600006103516,53.9799995422363,53.5400009155273,53.9799995422363,47000753
"209",10107,2015-10-29,53.2200012207031,53.8300018310547,53.5400009155273,53.3600006103516,30202078
"210",10107,2015-10-30,52.6199989318848,53.9900016784668,53.3199996948242,52.6399993896484,46619761
"211",10107,2015-11-02,52.6199989318848,53.3600006103516,52.8499984741211,53.2400016784668,30285008
"212",10107,2015-11-03,52.9000015258789,54.3899993896484,52.9300003051758,54.1500015258789,36597031
"213",10107,2015-11-04,54.060001373291,54.8800010681152,54.1800003051758,54.4000015258789,37087849
"214",10107,2015-11-05,54,54.7000007629395,54.4900016784668,54.3800010681152,31468485
"215",10107,2015-11-06,53.9640007019043,54.9799995422363,54.0849990844727,54.9199981689453,32851204
"216",10107,2015-11-09,53.560001373291,54.8699989318848,54.5499992370605,54.1599998474121,32515067
"217",10107,2015-11-10,53.2700004577637,54.1300010681152,54.0699996948242,53.5099983215332,55283697
"218",10107,2015-11-11,53.4599990844727,54.2000007629395,53.7000007629395,53.6500015258789,36516260
"219",10107,2015-11-12,53.189998626709,53.9790992736816,53.4799995422363,53.3199996948242,35361095
"220",10107,2015-11-13,52.5299987792969,53.2900009155273,53.0699996948242,52.8400001525879,36848175
"221",10107,2015-11-16,52.8499984741211,53.8899993896484,53.0800018310547,53.7649993896484,32171325
"222",10107,2015-11-17,52.8499984741211,53.5299987792969,53.1699981689453,52.9700012207031,31551255
"223",10107,2015-11-18,52.9799003601074,53.9799995422363,53,53.8499984741211,29710030
"224",10107,2015-11-19,53.7809982299805,54.6599998474121,53.9900016784668,53.939998626709,28149228
"225",10107,2015-11-20,53.2649993896484,54.2999992370605,54.25,54.189998626709,37147608
"226",10107,2015-11-23,53.75,54.4599990844727,54.25,54.189998626709,29086987
"227",10107,2015-11-24,53.5800018310547,54.439998626709,53.9199981689453,54.25,24604243
"228",10107,2015-11-25,53.689998626709,54.2299995422363,54.0900001525879,53.689998626709,21005147
"229",10107,2015-11-27,53.7900009155273,54.0800018310547,53.7999992370605,53.9300003051758,9015132
"230",10107,2015-11-30,53.9999008178711,54.9599990844727,54.5400009155273,54.3499984741211,56241657
"231",10107,2015-12-01,54.2999992370605,55.2299995422363,54.4099998474121,55.2200012207031,39952779
"232",10107,2015-12-02,55.060001373291,55.9599990844727,55.3199996948242,55.2099990844727,47274879
"233",10107,2015-12-03,53.9300003051758,55.7700004577637,55.4900016784668,54.2000007629395,38626835
"234",10107,2015-12-04,54.0999984741211,56.2299995422363,54.1199989318848,55.9099998474121,43963662
"235",10107,2015-12-07,55.2900009155273,55.9700012207031,55.7900009155273,55.810001373291,30848377
"236",10107,2015-12-08,54.9900016784668,56.0999984741211,55.4700012207031,55.7900009155273,32884026
"237",10107,2015-12-09,54.5099983215332,55.8699989318848,55.3699989318848,54.9799995422363,36373209
"238",10107,2015-12-10,55.0099983215332,55.6549987792969,55.3899993896484,55.2700004577637,31775826
"239",10107,2015-12-11,54.0099983215332,55.0999984741211,54.7099990844727,54.060001373291,39550297
"240",10107,2015-12-14,53.6800003051758,55.2099990844727,54.3300018310547,55.1399993896484,47006591
"241",10107,2015-12-15,55.0900001525879,55.9000015258789,55.6599998474121,55.2000007629395,39852295
"242",10107,2015-12-16,54.7599983215332,56.2449989318848,55.5400009155273,56.1300010681152,37503300
"243",10107,2015-12-17,55.5348014831543,56.7900009155273,56.3600006103516,55.7000007629395,41280907
"244",10107,2015-12-18,54.0299987792969,56,55.7700004577637,54.1300010681152,84802264
"245",10107,2015-12-21,54.2262001037598,55.3499984741211,54.8800010681152,54.8300018310547,37246325
"246",10107,2015-12-22,54.5,55.4799995422363,54.9900016784668,55.3499984741211,28322241
"247",10107,2015-12-23,55.439998626709,55.8800010681152,55.7000007629395,55.8199996948242,27361131
"248",10107,2015-12-24,55.4300003051758,55.9599990844727,55.8600006103516,55.6699981689453,9570006
"249",10107,2015-12-28,54.9799995422363,55.9500007629395,55.3499984741211,55.9500007629395,22458493
"250",10107,2015-12-29,56.060001373291,56.8499984741211,56.2900009155273,56.5499992370605,27731403
"251",10107,2015-12-30,56.2874984741211,56.7799987792969,56.4700012207031,56.310001373291,21704505
"252",10107,2015-12-31,55.4199981689453,56.189998626709,56.0400009155273,55.4799995422363,27334061
"253",10107,2016-01-04,53.3899993896484,54.7999992370605,54.3199996948242,54.7999992370605,53777963
"254",10107,2016-01-05,54.5400009155273,55.3899993896484,54.9300003051758,55.0499992370605,34079890
"255",10107,2016-01-06,53.6399993896484,54.4001007080078,54.3199996948242,54.0499992370605,39531720
"256",10107,2016-01-07,52.0699996948242,53.4850006103516,52.7000007629395,52.1699981689453,56560000
"257",10107,2016-01-08,52.1500015258789,53.2799987792969,52.3699989318848,52.3300018310547,48753969
"258",10107,2016-01-11,51.4599990844727,52.8499984741211,52.5099983215332,52.2999992370605,36943756
"259",10107,2016-01-12,52.060001373291,53.0999984741211,52.7599983215332,52.7799987792969,36095539
"260",10107,2016-01-13,51.3037986755371,54.0699996948242,53.7999992370605,51.6399993896484,66883571
"261",10107,2016-01-14,51.5699996948242,53.4163017272949,52,53.1100006103516,52381918
"262",10107,2016-01-15,50.3400001525879,51.9700012207031,51.310001373291,50.9900016784668,71820917
"263",10107,2016-01-19,50.060001373291,51.6800003051758,51.4799995422363,50.560001373291,43564538
"264",10107,2016-01-20,49.0999984741211,51.3800010681152,49.9799995422363,50.7900009155273,63282012
"265",10107,2016-01-21,50.2999992370605,51.5800018310547,51,50.4799995422363,40191157
"266",10107,2016-01-22,51.2599983215332,52.3300018310547,51.4099998474121,52.2900009155273,37620896
"267",10107,2016-01-25,51.6500015258789,52.6500015258789,51.939998626709,51.7900009155273,34707717
"268",10107,2016-01-26,51.5499992370605,52.439998626709,51.7900009155273,52.1699981689453,28900867
"269",10107,2016-01-27,51.0200996398926,52.2000007629395,52.0099983215332,51.2200012207031,36775194
"270",10107,2016-01-28,51.25,52.2099990844727,51.8600006103516,52.0550003051758,62515470
"271",10107,2016-01-29,54,55.0900001525879,54.7299995422363,55.0900001525879,83611686
"272",10107,2016-02-01,54.4949989318848,55.0900001525879,54.8800010681152,54.7099990844727,44208542
"273",10107,2016-02-02,52.6500015258789,54.2599983215332,54.1699981689453,53,56313803
"274",10107,2016-02-03,51.2599983215332,53.3899993896484,53.25,52.1599998474121,57559814
"275",10107,2016-02-04,51.3699989318848,52.810001373291,52.0999984741211,52,46987123
"276",10107,2016-02-05,49.560001373291,52,51.939998626709,50.1599998474121,62008994
"277",10107,2016-02-08,48.189998626709,49.5699996948242,49.5499992370605,49.4099998474121,59290497
"278",10107,2016-02-09,48.6699981689453,50.2400016784668,49.0200004577637,49.2799987792969,46740474
"279",10107,2016-02-10,49.5200004577637,50.3899993896484,49.8899993896484,49.7099990844727,38237197
"280",10107,2016-02-11,48.5099983215332,50.1100006103516,48.6800003051758,49.689998626709,48879576
"281",10107,2016-02-12,49.75,50.6800003051758,50.25,50.5,34243324
"282",10107,2016-02-16,50.1300010681152,51.0900001525879,50.9000015258789,51.0900001525879,37291208
"283",10107,2016-02-17,51.4500007629395,52.7700004577637,51.4900016784668,52.4199981689453,40788968
"284",10107,2016-02-18,52.0999984741211,52.9500007629395,52.3300018310547,52.189998626709,27176035
"285",10107,2016-02-19,51.5299987792969,52.2799987792969,51.9700012207031,51.8199996948242,33559074
"286",10107,2016-02-22,52.2799987792969,53,52.2799987792969,52.6500015258789,25008291
"287",10107,2016-02-23,50.9799995422363,52.3699989318848,52.3400001525879,51.1800003051758,28895274
"288",10107,2016-02-24,50.2000007629395,51.5,50.689998626709,51.3600006103516,33014457
"289",10107,2016-02-25,50.6100006103516,52.0999984741211,51.7299995422363,52.0999984741211,26939467
"290",10107,2016-02-26,51.0999984741211,52.6800003051758,52.5999984741211,51.2999992370605,35975925
"291",10107,2016-02-29,50.6599998474121,51.6500015258789,51.3499984741211,50.8800010681152,31654036
"292",10107,2016-03-01,50.9198989868164,52.5900001525879,50.9700012207031,52.5800018310547,33046379
"293",10107,2016-03-02,52.1549987792969,52.9599990844727,52.4099998474121,52.9500007629395,29289884
"294",10107,2016-03-03,51.7799987792969,52.9700012207031,52.9700012207031,52.3499984741211,24427813
"295",10107,2016-03-04,51.7099990844727,52.4500007629395,52.4000015258789,52.0299987792969,33034150
"296",10107,2016-03-07,50.5800018310547,51.7999992370605,51.560001373291,51.0299987792969,38428816
"297",10107,2016-03-08,50.5950012207031,52.1300010681152,50.7999992370605,51.6500015258789,33892319
"298",10107,2016-03-09,51.8549995422363,52.8499984741211,51.8899993896484,52.8400001525879,28251588
"299",10107,2016-03-10,51.1599998474121,52.939998626709,52.9300003051758,52.0499992370605,38387804
"300",10107,2016-03-11,52.3800010681152,53.0699996948242,53,53.0699996948242,32275677
"301",10107,2016-03-14,52.6300010681152,53.5900001525879,52.7099990844727,53.1699981689453,24083616
"302",10107,2016-03-15,52.7400016784668,53.5900001525879,52.75,53.5900001525879,21104763
"303",10107,2016-03-16,53.4000015258789,54.5999984741211,53.4500007629395,54.3499984741211,31692942
"304",10107,2016-03-17,54,55,54.2099990844727,54.6599998474121,28223947
"305",10107,2016-03-18,53.4449996948242,54.9700012207031,54.9199981689453,53.4900016784668,67625518
"306",10107,2016-03-21,52.9300003051758,53.9297981262207,53.25,53.8600006103516,23925716
"307",10107,2016-03-22,53.4599990844727,54.25,53.6100006103516,54.0699996948242,23180234
"308",10107,2016-03-23,53.7400016784668,54.2400016784668,54.1100006103516,53.9700012207031,20129015
"309",10107,2016-03-24,53.7299995422363,54.3300018310547,53.8400001525879,54.2099990844727,19949972
"310",10107,2016-03-28,53.3300018310547,54.2900009155273,54.2099990844727,53.5400009155273,17025050
"311",10107,2016-03-29,53.4500007629395,54.8600006103516,53.6599998474121,54.7099990844727,23924331
"312",10107,2016-03-30,54.9000015258789,55.6399993896484,54.9300003051758,55.0499992370605,23008260
"313",10107,2016-03-31,54.8600006103516,55.5900001525879,54.9500007629395,55.2299995422363,26360495
"314",10107,2016-04-01,54.5699996948242,55.6100006103516,55.0499992370605,55.5699996948242,24399194
"315",10107,2016-04-04,55,55.6599998474121,55.4300003051758,55.4300003051758,18928893
"316",10107,2016-04-05,54.4599990844727,55.2999992370605,55.189998626709,54.560001373291,19272255
"317",10107,2016-04-06,54.2099990844727,55.2000007629395,54.3600006103516,55.1199989318848,21188750
"318",10107,2016-04-07,54.2299995422363,54.9099998474121,54.8699989318848,54.4599990844727,19225092
"319",10107,2016-04-08,54.3199996948242,55.2799987792969,54.6699981689453,54.4199981689453,22167223
"320",10107,2016-04-11,54.2999992370605,55.1500015258789,54.4900016784668,54.310001373291,21414229
"321",10107,2016-04-12,53.7599983215332,54.7799987792969,54.3699989318848,54.6500015258789,24944288
"322",10107,2016-04-13,54.8899993896484,55.4375,55.1199989318848,55.3499984741211,20817961
"323",10107,2016-04-14,55.0699996948242,55.5750007629395,55.2200012207031,55.3600006103516,20877108
"324",10107,2016-04-15,55.1100006103516,55.9199981689453,55.2999992370605,55.6500015258789,28793753
"325",10107,2016-04-18,55.2099990844727,56.5900001525879,55.4900016784668,56.4599990844727,23790008
"326",10107,2016-04-19,55.6800003051758,56.7700004577637,56.6300010681152,56.3899993896484,29596827
"327",10107,2016-04-20,55.4850006103516,56.5,56.2900009155273,55.5900001525879,36195740
"328",10107,2016-04-21,55.4150009155273,56.2299995422363,55.7999992370605,55.7799987792969,39571897
"329",10107,2016-04-22,50.7700004577637,52.4296989440918,51.9099998474121,51.7799987792969,126994583
"330",10107,2016-04-25,51.6300010681152,52.1300010681152,51.7799987792969,52.1100006103516,33227057
"331",10107,2016-04-26,51.0900001525879,52.3499984741211,52.2599983215332,51.439998626709,33538636
"332",10107,2016-04-27,50.5499992370605,51.5,51.4799995422363,50.939998626709,43369256
"333",10107,2016-04-28,49.560001373291,50.7700004577637,50.6199989318848,49.9000015258789,43134846
"334",10107,2016-04-29,49.3499984741211,50.25,49.3499984741211,49.8699989318848,48411584
"335",10107,2016-05-02,49.779899597168,50.75,50,50.6100006103516,33114539
"336",10107,2016-05-03,49.5999984741211,50.4099998474121,50.3400001525879,49.7799987792969,26460244
"337",10107,2016-05-04,49.4599990844727,50.060001373291,49.8400001525879,49.8699989318848,24257916
"338",10107,2016-05-05,49.7299995422363,50.2999992370605,49.8699989318848,49.939998626709,25393682
"339",10107,2016-05-06,49.6599998474121,50.3899993896484,49.9199981689453,50.3899993896484,24787301
"340",10107,2016-05-09,50,50.5849990844727,50.4900016784668,50.0699996948242,17951598
"341",10107,2016-05-10,50.189998626709,51.0999984741211,50.3300018310547,51.0200004577637,22890966
"342",10107,2016-05-11,51,51.7799987792969,51.1300010681152,51.0499992370605,24039272
"343",10107,2016-05-12,50.9199981689453,51.810001373291,51.2000007629395,51.5099983215332,24102781
"344",10107,2016-05-13,51.0400009155273,51.8950004577637,51.439998626709,51.0800018310547,22592342
"345",10107,2016-05-16,50.75,51.9599990844727,50.7999992370605,51.8300018310547,20032017
"346",10107,2016-05-17,50.3600006103516,51.7299995422363,51.7200012207031,50.5099983215332,27817414
"347",10107,2016-05-18,50.2999992370605,51.1399993896484,50.4799995422363,50.810001373291,24907532
"348",10107,2016-05-19,49.8199996948242,50.6199989318848,50.4700012207031,50.3199996948242,23842358
"349",10107,2016-05-20,50.4000015258789,51.2200012207031,50.4799995422363,50.6199989318848,23905875
"350",10107,2016-05-23,49.9799995422363,50.6800003051758,50.5999984741211,50.0299987792969,26118720
"351",10107,2016-05-24,50.4000015258789,51.7099990844727,50.7000007629395,51.5900001525879,34957944
"352",10107,2016-05-25,51.7900009155273,52.4900016784668,51.9199981689453,52.1199989318848,24204718
"353",10107,2016-05-26,51.3600006103516,51.9793014526367,51.9300003051758,51.8899993896484,24335223
"354",10107,2016-05-27,51.7700004577637,52.3199996948242,51.9199981689453,52.3199996948242,17721438
"355",10107,2016-05-31,52.0800018310547,53,52.2599983215332,53,37653081
"356",10107,2016-06-01,52.439998626709,52.9500007629395,52.439998626709,52.8499984741211,25324828
"357",10107,2016-06-02,51.8349990844727,52.7400016784668,52.6399993896484,52.4799995422363,22840949
"358",10107,2016-06-03,51.5999984741211,52.4199981689453,52.3800010681152,51.7900009155273,23368584
"359",10107,2016-06-06,51.8899993896484,52.3499984741211,51.9900016784668,52.1300010681152,18249871
"360",10107,2016-06-07,52.0999984741211,52.7299995422363,52.2400016784668,52.0999984741211,20866770
"361",10107,2016-06-08,51.8699989318848,52.439998626709,52.0200004577637,52.0400009155273,21169202
"362",10107,2016-06-09,51.4900016784668,52,52,51.6199989318848,20305664
"363",10107,2016-06-10,51.0400009155273,52.0499992370605,51.0499992370605,51.4799995422363,25843151
"364",10107,2016-06-13,49.060001373291,50.7150001525879,49.5800018310547,50.1399993896484,83217844
"365",10107,2016-06-14,49.5699996948242,50.0999984741211,49.9000015258789,49.8300018310547,42577106
"366",10107,2016-06-15,49.689998626709,50.1199989318848,49.7799987792969,49.689998626709,33758264
"367",10107,2016-06-16,49.5068016052246,50.4700012207031,49.5200004577637,50.3899993896484,31188606
"368",10107,2016-06-17,49.8199996948242,50.4300003051758,50.4099998474121,50.1300010681152,45710516
"369",10107,2016-06-20,50.0299987792969,50.8300018310547,50.6399993896484,50.0699996948242,35607946
"370",10107,2016-06-21,50.1599998474121,51.4300003051758,50.2000007629395,51.189998626709,34097940
"371",10107,2016-06-22,50.9524993896484,51.4599990844727,51.0800018310547,50.9900016784668,29394784
"372",10107,2016-06-23,51.1500015258789,52.060001373291,51.2799987792969,51.9099998474121,29030456
"373",10107,2016-06-24,49.5200004577637,50.939998626709,49.810001373291,49.8300018310547,133503094
"374",10107,2016-06-27,48.0349998474121,49.146598815918,49.0999984741211,48.4300003051758,50576916
"375",10107,2016-06-28,48.6699981689453,49.4700012207031,48.9199981689453,49.439998626709,38140658
"376",10107,2016-06-29,49.7999992370605,50.7200012207031,49.9099998474121,50.5400009155273,31304021
"377",10107,2016-06-30,50.5,51.2999992370605,50.7200012207031,51.1699981689453,28527781
"378",10107,2016-07-01,51.0699996948242,51.7200012207031,51.1300010681152,51.1599998474121,21401064
"379",10107,2016-07-05,50.7400016784668,51.2799987792969,50.8300018310547,51.1699981689453,24806351
"380",10107,2016-07-06,50.3899993896484,51.5400009155273,50.7799987792969,51.3800010681152,28167461
"381",10107,2016-07-07,51.0699996948242,51.6100006103516,51.4199981689453,51.3800010681152,19585194
"382",10107,2016-07-08,51.5499992370605,52.3600006103516,51.7299995422363,52.2999992370605,28391026
"383",10107,2016-07-11,52.4700012207031,52.8300018310547,52.5,52.5900001525879,22269263
"384",10107,2016-07-12,52.7849998474121,53.4000015258789,52.939998626709,53.2099990844727,27317555
"385",10107,2016-07-13,53.1800003051758,53.8600006103516,53.560001373291,53.5099983215332,25360841
"386",10107,2016-07-14,53.5800018310547,53.9900016784668,53.8400001525879,53.7400016784668,24545520
"387",10107,2016-07-15,53.2099990844727,54,53.9500007629395,53.7000007629395,32024385
"388",10107,2016-07-18,53.5499992370605,54.3400001525879,53.7000007629395,53.9599990844727,31450364
"389",10107,2016-07-19,52.9300003051758,53.9000015258789,53.7099990844727,53.0900001525879,53372533
"390",10107,2016-07-20,55.5299987792969,56.8400001525879,56.1500015258789,55.9099998474121,89894501
"391",10107,2016-07-21,55.7599983215332,56.2299995422363,55.9799995422363,55.7999992370605,32776653
"392",10107,2016-07-22,55.7799987792969,56.627498626709,56.0800018310547,56.5699996948242,32157167
"393",10107,2016-07-25,56.2550010681152,56.7400016784668,56.4700012207031,56.7299995422363,25610587
"394",10107,2016-07-26,56.5099983215332,57.2900009155273,56.5200004577637,56.7599983215332,28078995
"395",10107,2016-07-27,56.1100006103516,56.7999992370605,56.6100006103516,56.189998626709,32327477
"396",10107,2016-07-28,55.7200012207031,56.3699989318848,56,56.2099990844727,37550411
"397",10107,2016-07-29,56.0499992370605,56.7599983215332,56.2599983215332,56.6800003051758,30558718
"398",10107,2016-08-01,56.1399993896484,56.75,56.5999984741211,56.5800018310547,26003419
"399",10107,2016-08-02,56.310001373291,56.9000015258789,56.8499984741211,56.5800018310547,35121958
"400",10107,2016-08-03,56.4900016784668,57.1100006103516,56.6800003051758,56.9700012207031,22075616
"401",10107,2016-08-04,56.6699981689453,57.5192985534668,56.7999992370605,57.3899993896484,26587749
"402",10107,2016-08-05,57.4500007629395,58.2099990844727,57.6500015258789,57.9599990844727,29835221
"403",10107,2016-08-08,57.7799987792969,58.0849990844727,58.0550003051758,58.060001373291,19473499
"404",10107,2016-08-09,58.0200004577637,58.5,58.1699981689453,58.2000007629395,16920721
"405",10107,2016-08-10,57.8199996948242,58.3199996948242,58.1599998474121,58.0200004577637,15756913
"406",10107,2016-08-11,58.0299987792969,58.4500007629395,58.0299987792969,58.2999992370605,18198519
"407",10107,2016-08-12,57.6199989318848,58.189998626709,58.0299987792969,57.939998626709,21655161
"408",10107,2016-08-15,57.9599990844727,58.5,58.0099983215332,58.1199989318848,19283979
"409",10107,2016-08-16,57.2700004577637,57.6199989318848,57.6100006103516,57.439998626709,20523493
"410",10107,2016-08-17,57.2299995422363,57.6800003051758,57.5400009155273,57.560001373291,18856423
"411",10107,2016-08-18,57.2700004577637,57.7000007629395,57.4199981689453,57.5999984741211,14214341
"412",10107,2016-08-19,57.2000007629395,57.7299995422363,57.4300003051758,57.6199989318848,17271044
"413",10107,2016-08-22,57.2599983215332,57.75,57.5999984741211,57.6699981689453,15221922
"414",10107,2016-08-23,57.8499984741211,58.1800003051758,57.9000015258789,57.8899993896484,18732373
"415",10107,2016-08-24,57.7150001525879,58.0400009155273,57.7999992370605,57.9500007629395,18226798
"416",10107,2016-08-25,57.7799987792969,58.2900009155273,57.8800010681152,58.1699981689453,18552579
"417",10107,2016-08-26,57.689998626709,58.7000007629395,58.2799987792969,58.0299987792969,20971202
"418",10107,2016-08-29,58.0999984741211,58.5999984741211,58.1800003051758,58.0999984741211,16417207
"419",10107,2016-08-30,57.6100006103516,58.189998626709,57.9799995422363,57.8899993896484,16930185
"420",10107,2016-08-31,57.2999992370605,57.7999992370605,57.6500015258789,57.4599990844727,20860312
"421",10107,2016-09-01,57.0099983215332,57.8199996948242,57.0099983215332,57.5900001525879,26075363
"422",10107,2016-09-02,57.4199981689453,58.189998626709,57.6699981689453,57.6699981689453,18900489
"423",10107,2016-09-06,57.2099990844727,57.7999992370605,57.7799987792969,57.6100006103516,16278416
"424",10107,2016-09-07,57.4049987792969,57.8400001525879,57.4700012207031,57.6599998474121,17493366
"425",10107,2016-09-08,57.1800003051758,57.7900009155273,57.6300010681152,57.4300003051758,20853295
"426",10107,2016-09-09,56.2099990844727,57.5200004577637,56.7900009155273,56.2099990844727,35113934
"427",10107,2016-09-12,55.6100006103516,57.2050018310547,56,57.0499992370605,29303806
"428",10107,2016-09-13,56.0499992370605,56.6500015258789,56.5,56.5299987792969,30130213
"429",10107,2016-09-14,56.0299987792969,56.6300010681152,56.3899993896484,56.2599983215332,24274273
"430",10107,2016-09-15,55.9799995422363,57.3499984741211,56.1500015258789,57.189998626709,27062614
"431",10107,2016-09-16,56.75,57.6300010681152,57.6300010681152,57.25,44606965
"432",10107,2016-09-19,56.8499984741211,57.75,57.2700004577637,56.9300003051758,20961382
"433",10107,2016-09-20,56.75,57.3499984741211,57.3499984741211,56.810001373291,17383982
"434",10107,2016-09-21,57.0800018310547,57.8499984741211,57.5099983215332,57.7599983215332,33707272
"435",10107,2016-09-22,57.6300010681152,58,57.9199981689453,57.8199996948242,19822303
"436",10107,2016-09-23,57.3800010681152,57.9099998474121,57.8699989318848,57.4300003051758,19955336
"437",10107,2016-09-26,56.8300018310547,57.1399993896484,57.0800018310547,56.9000015258789,21697710
"438",10107,2016-09-27,56.6809997558594,58.060001373291,56.9300003051758,57.9500007629395,28065071
"439",10107,2016-09-28,57.6699981689453,58.060001373291,57.8800010681152,58.0299987792969,20537415
"440",10107,2016-09-29,57.2099990844727,58.1679000854492,57.810001373291,57.4000015258789,25463536
"441",10107,2016-09-30,57.3400001525879,57.7700004577637,57.5699996948242,57.5999984741211,29910788
"442",10107,2016-10-03,57.060001373291,57.5499992370605,57.4049987792969,57.4199981689453,19189515
"443",10107,2016-10-04,56.9700012207031,57.5950012207031,57.2700004577637,57.2400016784668,20086050
"444",10107,2016-10-05,57.2599983215332,57.9600982666016,57.2900009155273,57.6399993896484,16726411
"445",10107,2016-10-06,57.2799987792969,57.8600006103516,57.7400016784668,57.7400016784668,16212611
"446",10107,2016-10-07,57.4199981689453,57.9799995422363,57.8499984741211,57.7999992370605,20089020
"447",10107,2016-10-10,57.8699989318848,58.3899993896484,57.9099998474121,58.0400009155273,18196509
"448",10107,2016-10-11,56.8899993896484,58.0200004577637,57.8899993896484,57.189998626709,26497418
"449",10107,2016-10-12,56.4000015258789,57.2700004577637,57.1100006103516,57.1100006103516,22177508
"450",10107,2016-10-13,56.314998626709,57.2999992370605,56.7000007629395,56.9199981689453,25313748
"451",10107,2016-10-14,57.1199989318848,57.7400016784668,57.1199989318848,57.4199981689453,27402451
"452",10107,2016-10-17,56.8699989318848,57.4599990844727,57.3600006103516,57.2200012207031,23830018
"453",10107,2016-10-18,57.4099998474121,57.9449996948242,57.5299987792969,57.6599998474121,19149512
"454",10107,2016-10-19,57.3950004577637,57.8400001525879,57.4700012207031,57.5299987792969,22878397
"455",10107,2016-10-20,56.6599998474121,57.5200004577637,57.5,57.25,49455612
"456",10107,2016-10-21,59.4850006103516,60.4500007629395,60.2799987792969,59.6599998474121,80032206
"457",10107,2016-10-24,59.9300003051758,61,59.939998626709,61,54081978
"458",10107,2016-10-25,60.7999992370605,61.3698997497559,60.8499984741211,60.9900016784668,35137281
"459",10107,2016-10-26,60.4700012207031,61.2000007629395,60.810001373291,60.6300010681152,29911542
"460",10107,2016-10-27,60.0900001525879,60.8300018310547,60.6100006103516,60.0999984741211,28479856
"461",10107,2016-10-28,59.5800018310547,60.5200004577637,60.0099983215332,59.8699989318848,33573684
"462",10107,2016-10-31,59.9199981689453,60.4199981689453,60.1599998474121,59.9199981689453,26434697
"463",10107,2016-11-01,59.25,60.0200004577637,59.9700012207031,59.7999992370605,24655986
"464",10107,2016-11-02,59.2999992370605,59.9300003051758,59.8199996948242,59.4300003051758,22147005
"465",10107,2016-11-03,59.1100006103516,59.6399993896484,59.5299987792969,59.2099990844727,21600428
"466",10107,2016-11-04,58.5200004577637,59.2799987792969,58.6500015258789,58.7099990844727,28697016
"467",10107,2016-11-07,59.7799987792969,60.5200004577637,59.7799987792969,60.4199981689453,31664798
"468",10107,2016-11-08,60.1500015258789,60.7799987792969,60.5499992370605,60.4700012207031,22935355
"469",10107,2016-11-09,59.2000007629395,60.5900001525879,60,60.1699981689453,49632479
"470",10107,2016-11-10,57.630199432373,60.4900016784668,60.4799995422363,58.7000007629395,57822394
"471",10107,2016-11-11,58.0099983215332,59.1160011291504,58.2299995422363,59.0200004577637,38776851
"472",10107,2016-11-14,57.2799987792969,59.0800018310547,59.0200004577637,58.1199989318848,41328422
"473",10107,2016-11-15,58.314998626709,59.4900016784668,58.3300018310547,58.8699989318848,35935026
"474",10107,2016-11-16,58.810001373291,59.6599998474121,58.939998626709,59.6500015258789,27332875
"475",10107,2016-11-17,59.9650001525879,60.9500007629395,60.4099998474121,60.6399993896484,32132728
"476",10107,2016-11-18,60.2999992370605,61.1399993896484,60.7799987792969,60.3499984741211,27686311
"477",10107,2016-11-21,60.4199981689453,60.9700012207031,60.5,60.8600006103516,19652595
"478",10107,2016-11-22,60.8050003051758,61.2599983215332,60.9799995422363,61.1199989318848,23206700
"479",10107,2016-11-23,60.25,61.0999984741211,61.0099983215332,60.4000015258789,21848913
"480",10107,2016-11-25,60.1300010681152,60.5299987792969,60.2999992370605,60.5299987792969,8409719
"481",10107,2016-11-28,60.2099990844727,61.0200004577637,60.3400001525879,60.6100006103516,20732619
"482",10107,2016-11-29,60.5200004577637,61.4099998474121,60.6500015258789,61.0900001525879,22366721
"483",10107,2016-11-30,60.2150001525879,61.1800003051758,60.8600006103516,60.2599983215332,34655435
"484",10107,2016-12-01,58.935001373291,60.1500015258789,60.1100006103516,59.2000007629395,34542175
"485",10107,2016-12-02,58.7999992370605,59.4700012207031,59.0800018310547,59.25,25515665
"486",10107,2016-12-05,59.560001373291,60.5849990844727,59.7000007629395,60.2200012207031,23552758
"487",10107,2016-12-06,59.7999992370605,60.4599990844727,60.4300003051758,59.9500007629395,19907035
"488",10107,2016-12-07,59.7999992370605,61.3800010681152,60.0099983215332,61.3699989318848,30809269
"489",10107,2016-12-08,60.8400001525879,61.5800018310547,61.2999992370605,61.0099983215332,21226753
"490",10107,2016-12-09,61.125,61.9900016784668,61.1800003051758,61.9700012207031,27349356
"491",10107,2016-12-12,61.7200012207031,62.2999992370605,61.8199996948242,62.1699981689453,20198183
"492",10107,2016-12-13,62.2400016784668,63.4199981689453,62.5,62.9799995422363,35721068
"493",10107,2016-12-14,62.5299987792969,63.4500007629395,63,62.6800003051758,30352674
"494",10107,2016-12-15,62.2999992370605,63.1534996032715,62.7000007629395,62.5800018310547,27671197
"495",10107,2016-12-16,62.1150016784668,62.9500007629395,62.9500007629395,62.2999992370605,42453083
"496",10107,2016-12-19,62.4199981689453,63.7700004577637,62.560001373291,63.6199989318848,34338219
"497",10107,2016-12-20,63.0250015258789,63.7999992370605,63.689998626709,63.5400009155273,26028410
"498",10107,2016-12-21,63.1199989318848,63.7000007629395,63.4300003051758,63.5400009155273,17096325
"499",10107,2016-12-22,63.4049987792969,64.0999984741211,63.8400001525879,63.5499992370605,22176642
"500",10107,2016-12-23,62.7999992370605,63.5400009155273,63.4500007629395,63.2400016784668,12403819
"501",10107,2016-12-27,63.2099990844727,64.0699996948242,63.2099990844727,63.2799987792969,11763173
"502",10107,2016-12-28,62.8300018310547,63.4000015258789,63.4000015258789,62.9900016784668,14653448
"503",10107,2016-12-29,62.7299995422363,63.2000007629395,62.8600006103516,62.9000015258789,10250582
"504",10107,2016-12-30,62.0299987792969,62.9900016784668,62.9599990844727,62.1399993896484,25579908
"505",10107,2017-01-03,62.125,62.8400001525879,62.7900009155273,62.5800018310547,20694196
"506",10107,2017-01-04,62.1199989318848,62.75,62.4799995422363,62.2999992370605,21339969
"507",10107,2017-01-05,62.0299987792969,62.6599998474121,62.189998626709,62.2999992370605,24876968
"508",10107,2017-01-06,62.0400009155273,63.1500015258789,62.2999992370605,62.8400001525879,19922919
"509",10107,2017-01-09,62.5400009155273,63.0800018310547,62.7599983215332,62.6399993896484,20382730
"510",10107,2017-01-10,62.2799987792969,63.0699996948242,62.7299995422363,62.6199989318848,18593004
"511",10107,2017-01-11,62.4300003051758,63.2299995422363,62.6100006103516,63.189998626709,21517335
"512",10107,2017-01-12,61.9500007629395,63.4000015258789,63.060001373291,62.6100006103516,20968223
"513",10107,2017-01-13,62.3499984741211,62.8650016784668,62.6199989318848,62.7000007629395,19422310
"514",10107,2017-01-17,62.0299987792969,62.7000007629395,62.6800003051758,62.5299987792969,20663983
"515",10107,2017-01-18,62.1199989318848,62.7000007629395,62.6699981689453,62.5,19670102
"516",10107,2017-01-19,62.1949996948242,62.9799995422363,62.2400016784668,62.2999992370605,18451655
"517",10107,2017-01-20,62.3699989318848,62.8199996948242,62.6699981689453,62.7400016784668,30333462
"518",10107,2017-01-23,62.5699996948242,63.1158981323242,62.7000007629395,62.9599990844727,23097581
"519",10107,2017-01-24,62.939998626709,63.7350006103516,63.2000007629395,63.5200004577637,24672940
"520",10107,2017-01-25,63.4500007629395,64.0999984741211,63.9500007629395,63.6800003051758,24654933
"521",10107,2017-01-26,63.5499992370605,64.5350036621094,64.120002746582,64.2699966430664,43514645
"522",10107,2017-01-27,64.8899993896484,65.9100036621094,65.3899993896484,65.7799987792969,44796522
"523",10107,2017-01-30,64.8000030517578,65.7900009155273,65.6900024414062,65.129997253418,31651790
"524",10107,2017-01-31,64.2600021362305,65.1500015258789,64.8600006103516,64.6500015258789,25270549
"525",10107,2017-02-01,63.4700012207031,64.620002746582,64.3550033569336,63.5800018310547,39671638
"526",10107,2017-02-02,62.75,63.4099998474121,63.25,63.1699981689453,45827499
"527",10107,2017-02-03,63.0699996948242,63.7000007629395,63.5,63.6800003051758,30301759
"528",10107,2017-02-06,63.1399993896484,63.6500015258789,63.5,63.6399993896484,19796360
"529",10107,2017-02-07,63.2299995422363,63.7799987792969,63.7400016784668,63.4300003051758,20277226
"530",10107,2017-02-08,63.2200012207031,63.810001373291,63.5699996948242,63.3400001525879,18294416
"531",10107,2017-02-09,63.3199996948242,64.4349975585938,63.5200004577637,64.0599975585938,22644443
"532",10107,2017-02-10,63.9749984741211,64.3000030517578,64.25,64,18170729
"533",10107,2017-02-13,64.129997253418,64.8600006103516,64.2399978637695,64.7200012207031,22920126
"534",10107,2017-02-14,64.0199966430664,64.7200012207031,64.4100036621094,64.5699996948242,23108426
"535",10107,2017-02-15,64.1549987792969,64.5699996948242,64.5,64.5299987792969,17005557
"536",10107,2017-02-16,64.4400024414062,65.2399978637695,64.7399978637695,64.5199966430664,20546506
"537",10107,2017-02-17,64.3000030517578,64.6900024414062,64.4700012207031,64.620002746582,21248818
"538",10107,2017-02-21,64.4499969482422,64.9499969482422,64.6100006103516,64.4899978637695,20658019
"539",10107,2017-02-22,64.0500030517578,64.3899993896484,64.3300018310547,64.3600006103516,19292651
"540",10107,2017-02-23,64.1949996948242,64.7285003662109,64.4199981689453,64.620002746582,20273158
"541",10107,2017-02-24,64.1350021362305,64.8000030517578,64.5299987792969,64.620002746582,21796800
"542",10107,2017-02-27,64.0449981689453,64.5400009155273,64.5400009155273,64.2300033569336,15871807
"543",10107,2017-02-28,63.7599983215332,64.1999969482422,64.0800018310547,63.9799995422363,23239825
"544",10107,2017-03-01,64.0217971801758,64.9899978637695,64.129997253418,64.9400024414062,26937459
"545",10107,2017-03-02,63.8800010681152,64.75,64.6900024414062,64.0100021362305,24540129
"546",10107,2017-03-03,63.6199989318848,64.2799987792969,63.9900016784668,64.25,18139405
"547",10107,2017-03-06,63.810001373291,64.5599975585938,63.9700012207031,64.2699966430664,18750255
"548",10107,2017-03-07,64.1900024414062,64.7750015258789,64.1900024414062,64.4000015258789,18521387
"549",10107,2017-03-08,64.25,65.0849990844727,64.2600021362305,64.9899978637695,21510907
"550",10107,2017-03-09,64.4800033569336,65.1999969482422,65.1900024414062,64.7300033569336,19846832
"551",10107,2017-03-10,64.75,65.2600021362305,65.1100006103516,64.9300003051758,19538245
"552",10107,2017-03-13,64.5699996948242,65.1949996948242,65.0100021362305,64.7099990844727,20100035
"553",10107,2017-03-14,64.1500015258789,64.5500030517578,64.5299987792969,64.4100036621094,14280202
"554",10107,2017-03-15,64.25,64.9199981689453,64.5500030517578,64.75,24835341
"555",10107,2017-03-16,64.3000030517578,64.7600021362305,64.75,64.6399993896484,20701296
"556",10107,2017-03-17,64.6800003051758,65.2399978637695,64.9100036621094,64.870002746582,49219686
"557",10107,2017-03-20,64.7200012207031,65.1750030517578,64.9100036621094,64.9300003051758,14598083
"558",10107,2017-03-21,64.129997253418,65.5,65.1900024414062,64.2099990844727,26640480
"559",10107,2017-03-22,64.120002746582,65.1399993896484,64.120002746582,65.0299987792969,20680021
"560",10107,2017-03-23,64.7649993896484,65.2350006103516,64.9400024414062,64.870002746582,19269221
"561",10107,2017-03-24,64.7600021362305,65.4499969482422,65.120002746582,64.9800033569336,22641105
"562",10107,2017-03-27,64.3499984741211,65.2200012207031,64.629997253418,65.0999984741211,18614837
"563",10107,2017-03-28,64.6500015258789,65.4700012207031,64.9599990844727,65.2900009155273,20091108
"564",10107,2017-03-29,64.9475021362305,65.5,65.120002746582,65.4700012207031,13618424
"565",10107,2017-03-30,65.3600006103516,65.9800033569336,65.4199981689453,65.7099990844727,15122823
"566",10107,2017-03-31,65.4499969482422,66.1900024414062,65.6500015258789,65.8600006103516,21040983
"567",10107,2017-04-03,65.1900024414062,65.9400024414062,65.8099975585938,65.5500030517578,20400871
"568",10107,2017-04-04,65.2799987792969,65.8099975585938,65.3899993896484,65.7300033569336,12997449
"569",10107,2017-04-05,65.4442977905273,66.3499984741211,66.3000030517578,65.5599975585938,21448594
"570",10107,2017-04-06,65.4800033569336,66.0550003051758,65.5999984741211,65.7300033569336,18103453
"571",10107,2017-04-07,65.4400024414062,65.9599990844727,65.8499984741211,65.6800003051758,14108533
"572",10107,2017-04-10,65.3600006103516,65.8199996948242,65.6100006103516,65.5299987792969,18013042
"573",10107,2017-04-11,64.8499984741211,65.6100006103516,65.5999984741211,65.4800033569336,18791533
"574",10107,2017-04-12,65.1100006103516,65.5100021362305,65.4199981689453,65.2300033569336,17108513
"575",10107,2017-04-13,64.9499969482422,65.8600006103516,65.2900009155273,64.9499969482422,17927483
"576",10107,2017-04-17,65.0100021362305,65.4899978637695,65.0400009155273,65.4800033569336,16689265
"577",10107,2017-04-18,65.1600036621094,65.7099990844727,65.3300018310547,65.3899993896484,15155611
"578",10107,2017-04-19,64.8899993896484,65.75,65.6500015258789,65.0400009155273,26992771
"579",10107,2017-04-20,65.1399993896484,65.75,65.4599990844727,65.5,22300277
"580",10107,2017-04-21,65.4499969482422,66.6999969482422,65.6699981689453,66.4000015258789,32522645
"581",10107,2017-04-24,67.0999984741211,67.6600036621094,67.4800033569336,67.5299987792969,29769991
"582",10107,2017-04-25,67.5999984741211,68.0400009155273,67.9000015258789,67.9199981689453,30242730
"583",10107,2017-04-26,67.620002746582,68.3099975585938,68.0800018310547,67.8300018310547,26190770
"584",10107,2017-04-27,67.5800018310547,68.379997253418,68.1500015258789,68.2699966430664,35013033
"585",10107,2017-04-28,67.6900024414062,69.1399993896484,68.9100036621094,68.4599990844727,39548818
"586",10107,2017-05-01,68.5,69.5500030517578,68.6800003051758,69.4100036621094,31954362
"587",10107,2017-05-02,69.129997253418,69.7099990844727,69.7099990844727,69.3000030517578,23906119
"588",10107,2017-05-03,68.7099990844727,69.379997253418,69.379997253418,69.0800018310547,28928021
"589",10107,2017-05-04,68.6399993896484,69.0800018310547,69.0299987792969,68.8099975585938,21749409
"590",10107,2017-05-05,68.4850006103516,69.0299987792969,68.9000015258789,69,19128782
"591",10107,2017-05-08,68.4199981689453,69.0500030517578,68.9700012207031,68.9400024414062,18566087
"592",10107,2017-05-09,68.6800003051758,69.2799987792969,68.8600006103516,69.0400009155273,22858414
"593",10107,2017-05-10,68.9199981689453,69.5599975585938,68.9899978637695,69.3099975585938,17977830
"594",10107,2017-05-11,68.120002746582,68.7300033569336,68.3600006103516,68.4599990844727,28789413
"595",10107,2017-05-12,68.0400009155273,68.6100006103516,68.6100006103516,68.379997253418,18714418
"596",10107,2017-05-15,67.5699996948242,68.4800033569336,68.1399993896484,68.4300003051758,31530301
"597",10107,2017-05-16,68.1600036621094,69.4400024414062,68.2300033569336,69.4100036621094,34959251
"598",10107,2017-05-17,67.4300003051758,69.0999984741211,68.8899993896484,67.4800033569336,30573281
"599",10107,2017-05-18,67.1399993896484,68.129997253418,67.4000015258789,67.7099990844727,25201274
"600",10107,2017-05-19,67.4300003051758,68.0950012207031,67.5,67.6900024414062,26961119
"601",10107,2017-05-22,67.5,68.5,67.8899993896484,68.4499969482422,16237550
"602",10107,2017-05-23,68.379997253418,68.75,68.7200012207031,68.6800003051758,15425824
"603",10107,2017-05-24,68.4499969482422,68.879997253418,68.870002746582,68.7699966430664,14666866
"604",10107,2017-05-25,68.9100036621094,69.879997253418,68.9700012207031,69.620002746582,21951595
"605",10107,2017-05-26,69.5199966430664,70.2200012207031,69.8000030517578,69.9599990844727,19827923
"606",10107,2017-05-30,69.7699966430664,70.4100036621094,69.7900009155273,70.4100036621094,17072838
"607",10107,2017-05-31,69.8099975585938,70.7399978637695,70.5299987792969,69.8399963378906,30436364
"608",10107,2017-06-01,69.4509963989258,70.6100006103516,70.2399978637695,70.0999984741211,21604056
"609",10107,2017-06-02,70.2399978637695,71.8600006103516,70.4400024414062,71.7600021362305,35470261
"610",10107,2017-06-05,71.8099975585938,72.8899993896484,71.9700012207031,72.2799987792969,33316810
"611",10107,2017-06-06,72.2699966430664,72.620002746582,72.3000030517578,72.5199966430664,31511065
"612",10107,2017-06-07,71.9499969482422,72.7699966430664,72.6350021362305,72.3899993896484,22301819
"613",10107,2017-06-08,71.5,72.5199966430664,72.5100021362305,71.9499969482422,24588270
"614",10107,2017-06-09,68.5899963378906,72.0800018310547,72.0350036621094,70.3199996948242,49187396
"615",10107,2017-06-12,68.129997253418,69.9400024414062,69.25,69.7799987792969,47761743
"616",10107,2017-06-13,69.9599990844727,70.8199996948242,70.0199966430664,70.6500015258789,25255954
"617",10107,2017-06-14,69.4300003051758,71.0999984741211,70.9100036621094,70.2699966430664,25510685
"618",10107,2017-06-15,68.8000030517578,70.2099990844727,69.2699966430664,69.9000015258789,26068709
"619",10107,2017-06-16,69.2200012207031,70.0251998901367,69.7300033569336,70,48345085
"620",10107,2017-06-19,70.3499984741211,70.9449996948242,70.5,70.870002746582,23798368
"621",10107,2017-06-20,69.870002746582,70.870002746582,70.8199996948242,69.9100036621094,21512231
"622",10107,2017-06-21,69.9400024414062,70.620002746582,70.2099990844727,70.2699966430664,19891051
"623",10107,2017-06-22,69.7099990844727,70.5899963378906,70.5400009155273,70.2600021362305,22965738
"624",10107,2017-06-23,69.9199981689453,71.25,70.0899963378906,71.2099990844727,27617291
"625",10107,2017-06-26,70.4449996948242,71.7099990844727,71.4000015258789,70.5299987792969,19606974
"626",10107,2017-06-27,69.1800003051758,70.1800003051758,70.1100006103516,69.2099990844727,25215658
"627",10107,2017-06-28,68.7900009155273,69.8410034179688,69.2099990844727,69.8000030517578,25806200
"628",10107,2017-06-29,68.0899963378906,69.4899978637695,69.379997253418,68.4899978637695,29079715
"629",10107,2017-06-30,68.7399978637695,69.379997253418,68.7799987792969,68.9300003051758,24161081
"630",10107,2017-07-03,68.0199966430664,69.5999984741211,69.3300018310547,68.1699981689453,16165552
"631",10107,2017-07-05,68.2200012207031,69.4400024414062,68.254997253418,69.0800018310547,21176272
"632",10107,2017-07-06,68.120002746582,68.7799987792969,68.2699966430664,68.5699996948242,21117572
"633",10107,2017-07-07,68.6999969482422,69.8399963378906,68.6999969482422,69.4599990844727,16878317
"634",10107,2017-07-10,69.1999969482422,70.25,69.4599990844727,69.9800033569336,15014503
"635",10107,2017-07-11,69.75,70.6800003051758,70,69.9899978637695,17461122
"636",10107,2017-07-12,70.5500030517578,71.2799987792969,70.6900024414062,71.1500015258789,17750925
"637",10107,2017-07-13,71.3099975585938,72.0399017333984,71.5,71.7699966430664,20269816
"638",10107,2017-07-14,71.9599990844727,73.2699966430664,72.2399978637695,72.7799987792969,25871052
"639",10107,2017-07-17,72.7200012207031,73.4499969482422,72.8000030517578,73.3499984741211,21803907
"640",10107,2017-07-18,72.6600036621094,73.3899993896484,73.0899963378906,73.3000030517578,26435624
"641",10107,2017-07-19,73.4499969482422,74.0400009155273,73.5,73.8600006103516,22416222
"642",10107,2017-07-20,73.2799987792969,74.3000030517578,74.1800003051758,74.2200012207031,42361025
"643",10107,2017-07-21,73.1699981689453,74.2900009155273,73.4499969482422,73.7900009155273,46923265
"644",10107,2017-07-24,73.129997253418,73.75,73.5299987792969,73.5999984741211,21394826
"645",10107,2017-07-25,73.5,74.3099975585938,73.8000030517578,74.1900024414062,22019381
"646",10107,2017-07-26,73.8099975585938,74.379997253418,74.3399963378906,74.0500030517578,16364204
"647",10107,2017-07-27,72.3199996948242,74.4199981689453,73.7600021362305,73.1600036621094,36844220
"648",10107,2017-07-28,72.5400009155273,73.3099975585938,72.6699981689453,73.0400009155273,18306680
"649",10107,2017-07-31,72.4100036621094,73.4400024414062,73.3000030517578,72.6999969482422,23613745
"650",10107,2017-08-01,72.4899978637695,73.4199981689453,73.0999984741211,72.5800018310547,20825331
"651",10107,2017-08-02,71.4449996948242,72.5599975585938,72.5500030517578,72.2600021362305,26499158
"652",10107,2017-08-03,71.8450012207031,72.4400024414062,72.1900024414062,72.1500015258789,18214489
"653",10107,2017-08-04,72.2399978637695,73.0400009155273,72.4000015258789,72.6800003051758,22603952
"654",10107,2017-08-07,72.2600021362305,72.9000015258789,72.8000030517578,72.4000015258789,18705681
"655",10107,2017-08-08,71.75,73.129997253418,72.0899963378906,72.7900009155273,22044587
"657",10107,2017-08-10,71.3499984741211,72.1900024414062,71.9000015258789,71.4100036621094,24734461
"658",10107,2017-08-11,71.2799987792969,72.6999969482422,71.6100006103516,72.5,21443675
"659",10107,2017-08-14,72.9499969482422,73.7200012207031,73.0599975585938,73.5899963378906,20096592
"660",10107,2017-08-15,73.0400009155273,73.5899963378906,73.5899963378906,73.2200012207031,19181402
"661",10107,2017-08-16,73.1699981689453,74.0999984741211,73.3399963378906,73.6500015258789,18150402
"662",10107,2017-08-17,72.4000015258789,73.870002746582,73.5800018310547,72.4000015258789,23494321
"663",10107,2017-08-18,71.9300003051758,72.8399963378906,72.2699966430664,72.4899978637695,18761491
"664",10107,2017-08-21,71.6999969482422,72.4800033569336,72.4700012207031,72.1500015258789,17734767
"665",10107,2017-08-22,72.3499984741211,73.2399978637695,72.3499984741211,73.1600036621094,14343947
"666",10107,2017-08-23,72.5299987792969,73.1500015258789,72.9599990844727,72.7200012207031,13766507
"667",10107,2017-08-24,72.0699996948242,72.8600006103516,72.7399978637695,72.6900024414062,17098282
"668",10107,2017-08-25,72.4800033569336,73.3499984741211,72.8600006103516,72.8199996948242,12794301
"669",10107,2017-08-28,72.5500030517578,73.0899963378906,73.0599975585938,72.8300018310547,14569715
"670",10107,2017-08-29,72.0500030517578,73.1600036621094,72.25,73.0500030517578,11478599
"671",10107,2017-08-30,72.8292999267578,74.2098999023438,73.0100021362305,74.0100021362305,16897801
"672",10107,2017-08-31,73.8000030517578,74.9599990844727,74.0299987792969,74.7699966430664,27652811
"673",10107,2017-09-01,73.6399993896484,74.7399978637695,74.7099990844727,73.9400024414062,21736161
"674",10107,2017-09-05,72.9800033569336,73.8899993896484,73.3399963378906,73.6100006103516,22242384
"675",10107,2017-09-06,73.3499984741211,74.0400009155273,73.7399978637695,73.4000015258789,16535785
"676",10107,2017-09-07,73.5999984741211,74.5999984741211,73.6800003051758,74.3399963378906,17471700
"677",10107,2017-09-08,73.8399963378906,74.4400024414062,74.3300018310547,73.9800033569336,14703816
"678",10107,2017-09-11,74.3099975585938,74.9449996948242,74.3099975585938,74.7600021362305,17910383
"679",10107,2017-09-12,74.370002746582,75.2399978637695,74.7600021362305,74.6800003051758,14394850
"680",10107,2017-09-13,74.5500030517578,75.2300033569336,74.9300003051758,75.2099990844727,13380802
"681",10107,2017-09-14,74.5199966430664,75.4899978637695,75,74.7699966430664,15735498
"682",10107,2017-09-15,74.0699996948242,75.3899993896484,74.8300018310547,75.3099975585938,38578441
"683",10107,2017-09-18,75.0400009155273,75.9700012207031,75.2300033569336,75.1600036621094,23306959
"684",10107,2017-09-19,75.0100021362305,75.7099990844727,75.2099990844727,75.4400024414062,16093344
"685",10107,2017-09-20,74.3099975585938,75.5500030517578,75.3499984741211,74.9400024414062,21587878
"686",10107,2017-09-21,74.1100006103516,75.2399978637695,75.1100006103516,74.2099990844727,19186140
"687",10107,2017-09-22,73.8499984741211,74.5100021362305,73.9899978637695,74.4100036621094,14111365
"688",10107,2017-09-25,72.9199981689453,74.25,74.0899963378906,73.2600021362305,24149163
"689",10107,2017-09-26,72.9899978637695,73.8099975585938,73.6699981689453,73.2600021362305,18019577
"690",10107,2017-09-27,73.1699981689453,74.1699981689453,73.5500030517578,73.8499984741211,19565135
"691",10107,2017-09-28,73.3099975585938,73.9700012207031,73.5400009155273,73.870002746582,10883787
"692",10107,2017-09-29,73.879997253418,74.5350036621094,73.9400024414062,74.4899978637695,17079116
"693",10107,2017-10-02,74.2949981689453,75.0100021362305,74.7099990844727,74.6100006103516,15490262
"694",10107,2017-10-03,74.1949996948242,74.879997253418,74.6699981689453,74.2600021362305,12190403
"695",10107,2017-10-04,73.7099990844727,74.7200012207031,74,74.6900024414062,13317681
"696",10107,2017-10-05,74.9599990844727,76.120002746582,75.2200012207031,75.9700012207031,21195261
"697",10107,2017-10-06,75.5400009155273,76.0299987792969,75.6699981689453,76,13959814
"698",10107,2017-10-09,75.8600006103516,76.5500030517578,75.9700012207031,76.2900009155273,11386502
"699",10107,2017-10-10,76.1399993896484,76.629997253418,76.3300018310547,76.2900009155273,13944545
"700",10107,2017-10-11,75.9499969482422,76.4599990844727,76.3600006103516,76.4199981689453,15388898
"701",10107,2017-10-12,76.370002746582,77.2900009155273,76.4899978637695,77.120002746582,16876538
"702",10107,2017-10-13,77.2900009155273,77.870002746582,77.5899963378906,77.4899978637695,15335742
"703",10107,2017-10-16,77.3499984741211,77.8099975585938,77.4199981689453,77.6500015258789,12380093
"704",10107,2017-10-17,77.25,77.620002746582,77.4700012207031,77.5899963378906,17823989
"705",10107,2017-10-18,77.370002746582,77.8499984741211,77.6699981689453,77.6100006103516,13300701
"706",10107,2017-10-19,77.3499984741211,77.9300003051758,77.5699996948242,77.9100036621094,15092758
"707",10107,2017-10-20,78.2200012207031,78.9700012207031,78.3199996948242,78.8099975585938,22866426
"708",10107,2017-10-23,78.7600021362305,79.3399963378906,78.9899978637695,78.8300018310547,20627173
"709",10107,2017-10-24,78.4599990844727,79.1999969482422,78.9000015258789,78.8600006103516,17517182
"710",10107,2017-10-25,78.0100021362305,79.0999984741211,78.5800018310547,78.629997253418,20410808
"711",10107,2017-10-26,78.75,79.4199981689453,79.1999969482422,78.7600021362305,32159763
"712",10107,2017-10-27,83.6100006103516,86.1999969482422,84.370002746582,83.8099975585938,71071869
"713",10107,2017-10-30,83.1050033569336,84.3249969482422,83.6999969482422,83.8899993896484,31756773
"714",10107,2017-10-31,83.1100006103516,84.3600006103516,84.3600006103516,83.1800003051758,27094125
"715",10107,2017-11-01,82.879997253418,83.7600021362305,83.6800003051758,83.1800003051758,22307371
"716",10107,2017-11-02,83.120002746582,84.4599990844727,83.3499984741211,84.0500030517578,23992945
"717",10107,2017-11-03,83.4000015258789,84.5400009155273,84.0800018310547,84.1399993896484,17677297
"718",10107,2017-11-06,84.0824966430664,84.6999969482422,84.1999969482422,84.4700012207031,19860852
"719",10107,2017-11-07,83.9300003051758,84.9000015258789,84.7699966430664,84.2699966430664,17967963
"720",10107,2017-11-08,83.8300018310547,84.6100006103516,84.1399993896484,84.5599975585938,18071170
"721",10107,2017-11-09,82.9000015258789,84.2699966430664,84.1100006103516,84.0899963378906,21179856
"722",10107,2017-11-10,83.2300033569336,84.0950012207031,83.7900009155273,83.870002746582,19397793
"723",10107,2017-11-13,83.4599990844727,83.9400024414062,83.6600036621094,83.9300003051758,14196896
"724",10107,2017-11-14,82.9800033569336,84.0999984741211,83.5,84.0500030517578,18801280
"725",10107,2017-11-15,82.6900024414062,83.6900024414062,83.4700012207031,82.9800033569336,19383102
"726",10107,2017-11-16,82.9400024414062,83.4199981689453,83.0999984741211,83.1999969482422,20962750
"727",10107,2017-11-17,82.2399978637695,83.120002746582,83.120002746582,82.4000015258789,22078993
"728",10107,2017-11-20,82.25,82.5899963378906,82.4000015258789,82.5299987792969,16314978
"729",10107,2017-11-21,82.7399978637695,83.8399963378906,82.7399978637695,83.7200012207031,21271254
"730",10107,2017-11-22,83.0400009155273,83.9000015258789,83.8300018310547,83.1100006103516,20553089
"731",10107,2017-11-24,82.7799987792969,83.4300003051758,83.0100021362305,83.2600021362305,7425638
"732",10107,2017-11-27,83.3000030517578,83.9800033569336,83.3099975585938,83.870002746582,18266142
"733",10107,2017-11-28,84.0199966430664,85.0599975585938,84.0699996948242,84.879997253418,21927077
"734",10107,2017-11-29,83.1750030517578,84.9171981811523,84.7099990844727,83.3399963378906,27382918
"735",10107,2017-11-30,83.3399963378906,84.5199966430664,83.5100021362305,84.1699981689453,33056647
"736",10107,2017-12-01,83.2200012207031,84.8099975585938,83.5999984741211,84.2600021362305,29532132
"737",10107,2017-12-04,80.6999969482422,84.4299011230469,84.4199981689453,81.0800018310547,39094880
"738",10107,2017-12-05,80.9801025390625,82.6800003051758,81.3399963378906,81.5899963378906,26152261
"739",10107,2017-12-06,81.4300003051758,83.1399993896484,81.5500030517578,82.7799987792969,26162054
"740",10107,2017-12-07,82,82.8000030517578,82.5400009155273,82.4899978637695,23184547
"741",10107,2017-12-08,83.3300018310547,84.5800018310547,83.629997253418,84.1600036621094,24489106
"742",10107,2017-12-11,84.120002746582,85.370002746582,84.2900009155273,85.2300033569336,22857854
"743",10107,2017-12-12,85.0800018310547,86.0500030517578,85.3099975585938,85.5800018310547,23924124
"744",10107,2017-12-13,85.1699981689453,86,85.7399978637695,85.3499984741211,22180494
"745",10107,2017-12-14,84.5299987792969,85.8739013671875,85.4300003051758,84.6900024414062,19305961
"746",10107,2017-12-15,84.879997253418,87.0899963378906,85.2600021362305,86.8499984741211,53940814
"747",10107,2017-12-18,86.2300033569336,87.4999008178711,87.120002746582,86.379997253418,22283752
"748",10107,2017-12-19,85.2699966430664,86.3499984741211,86.3499984741211,85.8300018310547,23524787
"749",10107,2017-12-20,84.7099990844727,86.3000030517578,86.1999969482422,85.5199966430664,23674931
"750",10107,2017-12-21,85.4000015258789,86.0999984741211,86.0500030517578,85.5,17990745
"751",10107,2017-12-22,84.9199981689453,85.629997253418,85.4000015258789,85.5100021362305,14145841
"752",10107,2017-12-26,85.0299987792969,85.5345993041992,85.3099975585938,85.4000015258789,9891237
"753",10107,2017-12-27,85.2149963378906,85.9800033569336,85.6500015258789,85.7099990844727,14678025
"754",10107,2017-12-28,85.5500030517578,85.9300003051758,85.9000015258789,85.7200012207031,10594344
"755",10107,2017-12-29,85.5,86.0500030517578,85.629997253418,85.5400009155273,18717406
"756",10107,2018-01-02,85.5,86.3099975585938,86.125,85.9499969482422,22484307
"757",10107,2018-01-03,85.9700012207031,86.5100021362305,86.0550003051758,86.3499984741211,26061439
"758",10107,2018-01-04,86.5699996948242,87.6600036621094,86.5899963378906,87.1100006103516,21911974
"759",10107,2018-01-05,87.4300003051758,88.4100036621094,87.6600036621094,88.1900024414062,23433310
"760",10107,2018-01-08,87.6045989990234,88.5800018310547,88.1999969482422,88.2799987792969,22113207
"761",10107,2018-01-09,87.8600006103516,88.7272033691406,88.6500015258789,88.2200012207031,19484317
"762",10107,2018-01-10,87.4100036621094,88.1900024414062,87.8600006103516,87.8199996948242,18652201
"763",10107,2018-01-11,87.2399978637695,88.129997253418,88.129997253418,88.0800018310547,17808877
"764",10107,2018-01-12,88.4499969482422,89.7799987792969,88.6699981689453,89.5999984741211,24271531
"765",10107,2018-01-16,88.0103988647461,90.7900009155273,90.0999984741211,88.3499984741211,36599766
"766",10107,2018-01-17,88.75,90.2799987792969,89.0800018310547,90.1399993896484,25621164
"767",10107,2018-01-18,89.6600036621094,90.6699981689453,89.8000030517578,90.0999984741211,24159683
"768",10107,2018-01-19,89.6600036621094,90.6100006103516,90.1399993896484,90,36875011
"769",10107,2018-01-22,89.7399978637695,91.620002746582,90,91.6100006103516,23601549
"770",10107,2018-01-23,91.5400009155273,92.3000030517578,91.9000015258789,91.9000015258789,23412681
"771",10107,2018-01-24,91.5800018310547,93.4300003051758,92.5500030517578,91.8199996948242,33327403
"772",10107,2018-01-25,91.9300003051758,93.2399978637695,92.4649963378906,92.3300018310547,26383232
"773",10107,2018-01-26,92.5800018310547,94.0599975585938,93.120002746582,94.0599975585938,29298167
"774",10107,2018-01-29,93.7200012207031,95.4499969482422,95.1399993896484,93.9199981689453,31569037
"775",10107,2018-01-30,92.0999984741211,93.6600036621094,93.3000030517578,92.7399978637695,38635279
"776",10107,2018-01-31,93.5100021362305,95.4000015258789,93.75,95.0100021362305,48756150
"777",10107,2018-02-01,93.581298828125,96.0699996948242,94.7900009155273,94.2600021362305,47227851
"778",10107,2018-02-02,91.5,93.9700012207031,93.6399993896484,91.7799987792969,47866564
"779",10107,2018-02-05,88,93.2399978637695,90.5599975585938,88,51031458
"780",10107,2018-02-06,85.25,91.4749984741211,86.8899993896484,91.3300018310547,68002634
"781",10107,2018-02-07,89.1999969482422,91.7699966430664,90.4899978637695,89.6100006103516,41107149
"782",10107,2018-02-08,84.7600021362305,89.875,89.7099990844727,85.0100021362305,55628655
"783",10107,2018-02-09,83.8300018310547,88.9300003051758,86.3000030517578,88.1800003051758,63498935
"784",10107,2018-02-12,87.9294967651367,89.7799987792969,88.7350006103516,89.129997253418,35720294
"785",10107,2018-02-13,87.8000030517578,90,88.9300003051758,89.8300018310547,26407660
"786",10107,2018-02-14,88.4100036621094,90.9899978637695,88.5100021362305,90.8099975585938,34960530
"787",10107,2018-02-15,90.620002746582,92.7200012207031,91.2099990844727,92.6600036621094,27823866
"788",10107,2018-02-16,91.8000030517578,93.5,92.4499969482422,92,30596483
"789",10107,2018-02-20,91.0100021362305,93.0599975585938,91.4749984741211,92.7200012207031,30942965
"790",10107,2018-02-21,91.4899978637695,93.3594970703125,92.9800033569336,91.4899978637695,26922250
"791",10107,2018-02-22,91.3600006103516,92.7300033569336,92.0500030517578,91.7300033569336,24392753
"792",10107,2018-02-23,92.3600006103516,94.0699996948242,92.75,94.0599975585938,26342526
"793",10107,2018-02-26,94.25,95.4499969482422,94.4000015258789,95.4199981689453,30199513
"794",10107,2018-02-27,94.1999969482422,95.8399963378906,95.7399978637695,94.1999969482422,25869109
"795",10107,2018-02-28,93.629997253418,95.7050018310547,94.8399963378906,93.7699966430664,31167335
"796",10107,2018-03-01,91.8399963378906,94.5699996948242,93.9899978637695,92.8499984741211,37135650
"797",10107,2018-03-02,90.8600006103516,93.1500015258789,91.5800018310547,93.0500030517578,32830092
"798",10107,2018-03-05,92.2600021362305,94.2699966430664,92.3399963378906,93.6399993896484,23901570
"799",10107,2018-03-06,92.9410018920898,94.4899978637695,94.3399963378906,93.3199996948242,22175983
"800",10107,2018-03-07,92.4300003051758,93.9405975341797,93.1600036621094,93.8600006103516,26716127
"801",10107,2018-03-08,93.7649993896484,95.0999984741211,94.2699966430664,94.4300003051758,25887828
"802",10107,2018-03-09,95,96.5400009155273,95.2900009155273,96.5400009155273,36940941
"803",10107,2018-03-12,96.0400009155273,97.2099990844727,96.5,96.7699966430664,26073742
"804",10107,2018-03-13,93.9700012207031,97.2399978637695,97,94.4100036621094,35385901
"805",10107,2018-03-14,93.5,95.4100036621094,95.120002746582,93.8499984741211,32129151
"806",10107,2018-03-15,92.8300018310547,94.5800018310547,93.5299987792969,94.1800003051758,27610556
"807",10107,2018-03-16,93.9199981689453,95.379997253418,94.6800003051758,94.5999984741211,49081189
"808",10107,2018-03-19,92.1100006103516,93.9000015258789,93.7399978637695,92.8899993896484,33343843
"809",10107,2018-03-20,93,93.7699966430664,93.0500030517578,93.129997253418,23073140
"810",10107,2018-03-21,92.2099990844727,94.0500030517578,92.9300003051758,92.4800033569336,24456898
"811",10107,2018-03-22,89.6600036621094,91.75,91.2649993896484,89.7900009155273,38602915
"812",10107,2018-03-23,87.0800018310547,90.4599990844727,89.5,87.1800003051758,44060452
"813",10107,2018-03-26,90.4000015258789,94,90.6100006103516,93.7799987792969,56434634
"814",10107,2018-03-27,88.5100021362305,95.1389999389648,94.9400024414062,89.4700012207031,56556776
"815",10107,2018-03-28,88.8730010986328,91.2300033569336,89.8199996948242,89.3899993896484,52489546
"816",10107,2018-03-29,88.4000015258789,92.2900009155273,90.1800003051758,91.2699966430664,45832591
"817",10107,2018-04-02,87.5100021362305,90.879997253418,90.4700012207031,88.5199966430664,48454091
"818",10107,2018-04-03,87.8899993896484,90.0500030517578,89.5749969482422,89.7099990844727,37193073
"819",10107,2018-04-04,87.7300033569336,92.7600021362305,87.8499984741211,92.3300018310547,35551188
"820",10107,2018-04-05,91.4000015258789,93.0650024414062,92.4349975585938,92.379997253418,29759946
"821",10107,2018-04-06,89.4800033569336,92.4599990844727,91.4899978637695,90.2300033569336,38014900
"822",10107,2018-04-09,90.620002746582,93.1699981689453,91.0400009155273,90.7699966430664,31529204
"823",10107,2018-04-10,91.6399993896484,93.2799987792969,92.3899993896484,92.879997253418,26920998
"824",10107,2018-04-11,91.4800033569336,93.2900009155273,92.0100021362305,91.8600006103516,24849573
"825",10107,2018-04-12,92.4300003051758,94.1600036621094,92.4300003051758,93.5800018310547,26734752
"826",10107,2018-04-13,92.4400024414062,94.1800003051758,94.0500030517578,93.0800018310547,23312069
"827",10107,2018-04-16,93.4199981689453,94.6600036621094,94.0699996948242,94.1699981689453,20253091
"828",10107,2018-04-17,94.879997253418,96.5400009155273,95,96.0699996948242,28864723
"829",10107,2018-04-18,95.5199966430664,96.7200012207031,96.2200012207031,96.4400024414062,21011474
"830",10107,2018-04-19,95.3399963378906,97.0699996948242,96.4400024414062,96.1100006103516,23512297
"831",10107,2018-04-20,94.0500030517578,96.1100006103516,95.9100036621094,95,31137401
"832",10107,2018-04-23,94.629997253418,96.2900009155273,95.7440032958984,95.3499984741211,22313769
"833",10107,2018-04-24,92.4100036621094,96.4700012207031,96.2419967651367,93.120002746582,34506749
"834",10107,2018-04-25,90.2799987792969,93.3000030517578,93.3000030517578,92.3099975585938,33695553
"835",10107,2018-04-26,93.0999984741211,95.1500015258789,93.5500030517578,94.2600021362305,42559713
"836",10107,2018-04-27,93.9100036621094,97.9000015258789,97.5999984741211,95.8199996948242,48251727
"837",10107,2018-04-30,93.1500015258789,96.3964004516602,96.3300018310547,93.5199966430664,41497344
"838",10107,2018-05-01,92.7900009155273,95.2900009155273,93.2099990844727,95,31342878
"839",10107,2018-05-02,93.1900024414062,95.1699981689453,94.9899978637695,93.5100021362305,27436005
"840",10107,2018-05-03,92.4499969482422,94.9250030517578,92.9599990844727,94.0699996948242,31126422
"841",10107,2018-05-04,92.9199981689453,95.370002746582,93.3199996948242,95.1600036621094,22677316
"842",10107,2018-05-07,95.0999984741211,96.7099990844727,95.1699981689453,96.2200012207031,24233223
"843",10107,2018-05-08,95.063102722168,96.1600036621094,95.8455963134766,95.8099975585938,23481404
"844",10107,2018-05-09,95.0500030517578,96.9700012207031,96.0100021362305,96.9400024414062,27327983
"845",10107,2018-05-10,97.0500030517578,97.9499969482422,97.4599990844727,97.9100036621094,22383019
"846",10107,2018-05-11,97.0400009155273,97.870002746582,97.8000030517578,97.6999969482422,16769783
"847",10107,2018-05-14,97.3099975585938,98.6900024414062,97.9199981689453,98.0299987792969,19425956
"848",10107,2018-05-15,96.3399963378906,97.8499984741211,97.2399978637695,97.3199996948242,24578553
"849",10107,2018-05-16,96.6149978637695,97.4000015258789,97.3600006103516,97.1500015258789,17351583
"850",10107,2018-05-17,95.8300018310547,97.5401000976562,96.7600021362305,96.1800003051758,17232881
"851",10107,2018-05-18,96.0100021362305,96.9300003051758,96.0100021362305,96.3600006103516,17843578
"852",10107,2018-05-21,96.8000030517578,98.0100021362305,97,97.5999984741211,19411272
"853",10107,2018-05-22,97.1999969482422,98.1699981689453,97.6800003051758,97.5,15426587
"854",10107,2018-05-23,96.3199996948242,98.7300033569336,96.7099990844727,98.6600036621094,21238122
"855",10107,2018-05-24,96.8099975585938,98.9400024414062,98.7249984741211,98.3099975585938,26625132
"856",10107,2018-05-25,97.8600006103516,98.9800033569336,98.3000030517578,98.3600006103516,18348063
"857",10107,2018-05-29,97.2300033569336,98.879997253418,97.8399963378906,98.0100021362305,28616582
"858",10107,2018-05-30,97.9100036621094,99.25,98.3099975585938,98.9499969482422,22128347
"859",10107,2018-05-31,98.6100006103516,99.9899978637695,99.2900009155273,98.8399963378906,34122029
"860",10107,2018-06-01,99.1699981689453,100.860000610352,99.2799987792969,100.790000915527,28632024
"861",10107,2018-06-04,100.850997924805,101.860000610352,101.26000213623,101.669998168945,27252679
"862",10107,2018-06-05,101.529998779297,102.330001831055,102,102.190002441406,23476976
"863",10107,2018-06-06,101.900001525879,102.599998474121,102.480003356934,102.48999786377,21099615
"864",10107,2018-06-07,100.379997253418,102.690002441406,102.650001525879,100.879997253418,28214662
"865",10107,2018-06-08,100.540000915527,101.949996948242,101.092002868652,101.629997253418,22120214
"866",10107,2018-06-11,100.669998168945,101.589996337891,101.370002746582,101.050003051758,23513310
"867",10107,2018-06-12,100.75,101.44930267334,101.099998474121,101.309997558594,18276878
"868",10107,2018-06-13,100.559997558594,102.01000213623,101.720001220703,100.849998474121,29465414
"869",10107,2018-06-14,101,102.029998779297,101.650001525879,101.419998168945,25672911
"870",10107,2018-06-15,100.069999694824,101.529998779297,101.51000213623,100.129997253418,65718857
"871",10107,2018-06-18,99.4199981689453,101.110000610352,100.01000213623,100.860000610352,23530502
"872",10107,2018-06-19,99.5,101,99.6500015258789,100.860000610352,28624130
"873",10107,2018-06-20,101.120002746582,102.519996643066,101.370002746582,101.870002746582,26150110
"874",10107,2018-06-21,100.879997253418,102.459999084473,102.074996948242,101.139999389648,23174948
"875",10107,2018-06-22,99.625,100.769996643066,100.410003662109,100.410003662109,38886026
"876",10107,2018-06-25,97.3000030517578,100.110000610352,100,98.3899993896484,35396806
"877",10107,2018-06-26,98.75,100.080001831055,98.8199996948242,99.0800018310547,26821347
"878",10107,2018-06-27,97.4000015258789,100.019996643066,99.5800018310547,97.5400009155273,31279739
"879",10107,2018-06-28,97.2600021362305,99.1100006103516,97.379997253418,98.629997253418,26583266
"880",10107,2018-06-29,98.3300018310547,99.9100036621094,98.9300003051758,98.6100006103516,27916861
"881",10107,2018-07-02,98,100.059997558594,98.0999984741211,100.01000213623,19517258
"882",10107,2018-07-03,98.9400024414062,100.629997253418,100.480003356934,99.0500030517578,14642676
"883",10107,2018-07-05,99.029899597168,99.9199981689453,99.5,99.7600021362305,18955325
"884",10107,2018-07-06,99.6699981689453,101.430000305176,99.8850021362305,101.160003662109,19207569
"885",10107,2018-07-09,101.250999450684,102.25,101.644996643066,101.849998474121,18179308
"886",10107,2018-07-10,101.860000610352,102.51000213623,102,102.120002746582,19157830
"887",10107,2018-07-11,101.099998474121,102.339996337891,101.150001525879,101.980003356934,19583212
"888",10107,2018-07-12,102.730003356934,104.410003662109,102.769996643066,104.190002441406,24290882
"889",10107,2018-07-13,104.089996337891,105.599998474121,104.370002746582,105.430000305176,24634000
"890",10107,2018-07-16,104.514999389648,105.819999694824,105.400001525879,104.910003662109,21804923
"891",10107,2018-07-17,104.319999694824,106.5,104.610000610352,105.949996948242,25831978
"892",10107,2018-07-18,104.714996337891,106.050003051758,105.940002441406,105.120002746582,29248707
"893",10107,2018-07-19,103.889999389648,105.309997558594,104.930000305176,104.400001525879,40142279
"894",10107,2018-07-20,106.080001831055,108.199996948242,108.080001831055,106.269996643066,55710346
"895",10107,2018-07-23,106.129997253418,108.139999389648,106.300003051758,107.970001220703,29690801
"896",10107,2018-07-24,107.26000213623,108.819999694824,108.569999694824,107.660003662109,26292812
"897",10107,2018-07-25,107.599998474121,111.150001525879,107.955001831055,110.830001831055,30776839
"898",10107,2018-07-26,109.5,111,110.73999786377,109.620002746582,31056389
"899",10107,2018-07-27,106.139999389648,110.180000305176,110.180000305176,107.680000305176,36946380
"900",10107,2018-07-30,104.76000213623,107.529998779297,107.190002441406,105.370002746582,34599579
"901",10107,2018-07-31,105.379997253418,106.720001220703,106.48999786377,106.080001831055,27635306
"902",10107,2018-08-01,105.419998168945,106.445999145508,106.029998779297,106.279998779297,23592499
"903",10107,2018-08-02,104.839996337891,108.089996337891,105.400001525879,107.569999694824,26086558
"904",10107,2018-08-03,106.819999694824,108.050003051758,107.800003051758,108.040000915527,18648399
"905",10107,2018-08-06,107.55899810791,108.419998168945,108.120002746582,108.129997253418,20254347
"906",10107,2018-08-07,108.169998168945,109.099998474121,108.559997558594,108.879997253418,16072174
"907",10107,2018-08-08,108.759902954102,109.75,109.330001831055,109.48999786377,15460602
"908",10107,2018-08-09,109.599998474121,110.160003662109,109.709999084473,109.669998168945,13667111
"909",10107,2018-08-10,108.379997253418,109.690002441406,109.419998168945,109,18182504
"910",10107,2018-08-13,108.099998474121,109.580001831055,109.23999786377,108.209999084473,18464284
"911",10107,2018-08-14,108.040000915527,109.75,108.559997558594,109.559997558594,16785414
"912",10107,2018-08-15,106.819999694824,108.985000610352,108.48999786377,107.660003662109,29945806
"913",10107,2018-08-16,107.300003051758,108.860000610352,108.300003051758,107.639999389648,21363989
"914",10107,2018-08-17,106.690002441406,107.900001525879,107.360000610352,107.580001831055,18034612
"915",10107,2018-08-20,106.480003356934,107.900001525879,107.51000213623,106.870002746582,17894901
"916",10107,2018-08-21,105.849998474121,107.349998474121,106.919998168945,105.980003356934,22872661
"917",10107,2018-08-22,105.779998779297,107.339996337891,105.849998474121,107.059997558594,17965639
"918",10107,2018-08-23,106.870002746582,108.180000305176,107.150001525879,107.559997558594,18156171
"919",10107,2018-08-24,107.559997558594,108.559997558594,107.669998168945,108.400001525879,17225722
"920",10107,2018-08-27,108.51000213623,109.639999389648,109.269996643066,109.599998474121,19657631
"921",10107,2018-08-28,109.790000915527,110.5,109.940002441406,110.26000213623,19431428
"922",10107,2018-08-29,110.269996643066,112.029998779297,110.449996948242,112.019996643066,20806344
"923",10107,2018-08-30,111.440002441406,112.610000610352,111.669998168945,111.949996948242,22786202
"924",10107,2018-08-31,111.514999389648,112.777000427246,111.684997558594,112.330001831055,23211113
"925",10107,2018-09-04,110.220001220703,111.955001831055,110.849998474121,111.709999084473,22630645
"926",10107,2018-09-05,108.099998474121,111.419998168945,111.01000213623,108.48999786377,32851462
"927",10107,2018-09-06,107.51000213623,108.98999786377,108.25,108.73999786377,23472724
"928",10107,2018-09-07,107.230003356934,108.724800109863,108.230003356934,108.209999084473,22483846
"929",10107,2018-09-10,108.360000610352,109.639999389648,108.839996337891,109.379997253418,20667106
"930",10107,2018-09-11,108.889999389648,111.589996337891,108.900001525879,111.23999786377,24290774
"931",10107,2018-09-12,110.51000213623,111.849998474121,111.430000305176,111.709999084473,18881664
"932",10107,2018-09-13,112.120002746582,113.724998474121,112.120002746582,112.910003662109,26032720
"933",10107,2018-09-14,112.440002441406,113.730003356934,113.360000610352,113.370002746582,19110349
"934",10107,2018-09-17,111.860000610352,113.699996948242,113.690002441406,112.139999389648,20728819
"935",10107,2018-09-18,111.720001220703,113.694999694824,112.190002441406,113.209999084473,22163896
"936",10107,2018-09-19,111.035003662109,113.319999694824,113.050003051758,111.699996948242,21698729
"937",10107,2018-09-20,111.930000305176,113.800003051758,112.279998779297,113.569999694824,23681712
"938",10107,2018-09-21,113.51000213623,115.290000915527,114,114.26000213623,71216398
"939",10107,2018-09-24,112.217498779297,114.900001525879,113.029998779297,114.669998168945,27304160
"940",10107,2018-09-25,113.75,115.099998474121,114.800003051758,114.449996948242,22680814
"941",10107,2018-09-26,113.73999786377,115.055000305176,114.470001220703,113.980003356934,19327131
"942",10107,2018-09-27,114.199996948242,114.910003662109,114.779998779297,114.410003662109,19075399
"943",10107,2018-09-28,113.680000305176,114.569999694824,114.190002441406,114.370002746582,21634771
"944",10107,2018-10-01,114.730003356934,115.680000305176,114.75,115.610000610352,18875679
"945",10107,2018-10-02,114.440002441406,115.839996337891,115.300003051758,115.150001525879,20778839
"946",10107,2018-10-03,114.930000305176,116.180000305176,115.419998168945,115.169998168945,16644018
"947",10107,2018-10-04,111.629997253418,114.758796691895,114.610000610352,112.790000915527,35427505
"948",10107,2018-10-05,110.639999389648,113.169998168945,112.629997253418,112.129997253418,29048646
"949",10107,2018-10-08,109.339996337891,112.029998779297,111.660003662109,110.849998474121,29674288
"950",10107,2018-10-09,110.800003051758,113.080001831055,111.139999389648,112.26000213623,26168894
"951",10107,2018-10-10,105.790000915527,111.5,111.23999786377,106.160003662109,61383023
"952",10107,2018-10-11,104.199996948242,108.930000305176,105.349998474121,105.910003662109,63897284
"953",10107,2018-10-12,107.120002746582,111.23999786377,109.01000213623,109.569999694824,47734009
"954",10107,2018-10-15,106.946800231934,109.480003356934,108.910003662109,107.599998474121,32058904
"955",10107,2018-10-16,108.949996948242,111.410003662109,109.540000915527,111,31630455
"956",10107,2018-10-17,109.548202514648,111.809997558594,111.680000305176,110.709999084473,26542343
"957",10107,2018-10-18,107.830001831055,110.529998779297,110.099998474121,108.5,32460592
"958",10107,2018-10-19,108.209999084473,110.860000610352,108.930000305176,108.660003662109,32776215
"959",10107,2018-10-22,108.23999786377,110.540000915527,109.319999694824,109.629997253418,26540007
"960",10107,2018-10-23,105.110000610352,108.970001220703,107.769996643066,108.099998474121,43751029
"961",10107,2018-10-24,101.590103149414,108.48999786377,108.410003662109,102.319999694824,63881360
"962",10107,2018-10-25,106.150001525879,109.269996643066,106.550003051758,108.300003051758,61629119
"963",10107,2018-10-26,104.76000213623,108.75,105.690002441406,106.959999084473,55507404
"964",10107,2018-10-29,101.629997253418,108.699996948242,108.105003356934,103.849998474121,55145246
"965",10107,2018-10-30,100.110000610352,104.379997253418,103.660003662109,103.730003356934,65345868
"966",10107,2018-10-31,105.389999389648,108.139999389648,105.434997558594,106.809997558594,51061583
"967",10107,2018-11-01,105.529998779297,107.319999694824,107.050003051758,105.919998168945,33237434
"968",10107,2018-11-02,104.974998474121,107.319999694824,106.480003356934,106.160003662109,37674794
"969",10107,2018-11-05,105.900001525879,107.73999786377,106.370002746582,107.51000213623,27908644
"970",10107,2018-11-06,106.279998779297,108.839996337891,107.379997253418,107.720001220703,24339884
"971",10107,2018-11-07,109.400001525879,112.23999786377,109.440002441406,111.959999084473,37888235
"972",10107,2018-11-08,110.910003662109,112.209999084473,111.800003051758,111.75,25635105
"973",10107,2018-11-09,108.76000213623,111.449996948242,110.849998474121,109.569999694824,32036224
"974",10107,2018-11-12,106.099998474121,109.959999084473,109.419998168945,106.870002746582,33620882
"975",10107,2018-11-13,106.639999389648,108.73999786377,107.550003051758,106.940002441406,35414567
"976",10107,2018-11-14,104.470001220703,108.26000213623,108.099998474121,104.970001220703,39492841
"977",10107,2018-11-15,103.910003662109,107.800003051758,104.98999786377,107.279998779297,38500365
"978",10107,2018-11-16,106.800003051758,108.879997253418,107.080001831055,108.290000915527,33478173
"979",10107,2018-11-19,103.550003051758,108.559997558594,108.269996643066,104.620002746582,44766899
"980",10107,2018-11-20,99.3527984619141,102.970001220703,101.800003051758,101.709999084473,64039324
"981",10107,2018-11-21,102.23999786377,104.430000305176,103.599998474121,103.110000610352,28126922
"982",10107,2018-11-23,102,103.809898376465,102.169998168945,103.069999694824,13802699
"983",10107,2018-11-26,104.580001831055,106.629997253418,104.790000915527,106.470001220703,32332465
"984",10107,2018-11-27,105.360000610352,107.330001831055,106.269996643066,107.139999389648,29116186
"985",10107,2018-11-28,107.860000610352,111.330001831055,107.889999389648,111.120002746582,46769361
"986",10107,2018-11-29,109.029998779297,111.11499786377,110.330001831055,110.190002441406,28114995
"987",10107,2018-11-30,109.360000610352,110.970001220703,110.699996948242,110.889999389648,33657324
"988",10107,2018-12-03,110.730003356934,113.419998168945,113,112.089996337891,34743852
"989",10107,2018-12-04,108.211502075195,112.637298583984,111.940002441406,108.519996643066,45195390
"990",10107,2018-12-06,105,109.23999786377,105.819999694824,109.190002441406,49104236
"991",10107,2018-12-07,104.300003051758,109.449996948242,108.379997253418,104.819999694824,45043037
"992",10107,2018-12-10,103.889999389648,107.980003356934,104.800003051758,107.589996337891,40800025
"993",10107,2018-12-11,107.440002441406,110.949996948242,109.800003051758,108.589996337891,42362667
"994",10107,2018-12-12,109.040000915527,111.269996643066,110.889999389648,109.080001831055,36182320
"995",10107,2018-12-13,108.629997253418,110.870002746582,109.580001831055,109.449996948242,31323968
"996",10107,2018-12-14,105.5,109.26000213623,108.25,106.029998779297,47041661
"997",10107,2018-12-17,101.709999084473,105.800003051758,105.410003662109,102.889999389648,56956564
"998",10107,2018-12-18,102.519996643066,104.51000213623,103.75,103.970001220703,49417797
"999",10107,2018-12-19,101.349998474121,106.879997253418,103.650001525879,103.690002441406,68187880
"1000",10107,2018-12-20,98.7799987792969,104.309997558594,103.050003051758,101.51000213623,70334184
"1001",10107,2018-12-21,97.4599990844727,103,101.629997253418,98.2300033569336,111239770
"1002",10107,2018-12-24,93.9800033569336,97.9700012207031,97.6800003051758,94.129997253418,43935112
"1003",10107,2018-12-26,93.9599990844727,100.690002441406,95.1399993896484,100.559997558594,51627193
"1004",10107,2018-12-27,96.4000015258789,101.190002441406,99.3000030517578,101.180000305176,49495409
"1005",10107,2018-12-28,99.5199966430664,102.410003662109,102.089996337891,100.389999389648,38162485
"1006",10107,2018-12-31,100.440002441406,102.400001525879,101.290000915527,101.569999694824,33173365
